-- phpMyAdmin SQL Dump
-- version 4.8.2
-- https://www.phpmyadmin.net/
--
-- Host: 127.0.0.1
-- Generation Time: Nov 10, 2018 at 08:19 AM
-- Server version: 10.1.34-MariaDB
-- PHP Version: 7.1.19

SET SQL_MODE = "NO_AUTO_VALUE_ON_ZERO";
SET AUTOCOMMIT = 0;
START TRANSACTION;
SET time_zone = "+00:00";


/*!40101 SET @OLD_CHARACTER_SET_CLIENT=@@CHARACTER_SET_CLIENT */;
/*!40101 SET @OLD_CHARACTER_SET_RESULTS=@@CHARACTER_SET_RESULTS */;
/*!40101 SET @OLD_COLLATION_CONNECTION=@@COLLATION_CONNECTION */;
/*!40101 SET NAMES utf8mb4 */;

--
-- Database: `eapi`
--

-- --------------------------------------------------------

--
-- Table structure for table `migrations`
--

CREATE TABLE `migrations` (
  `id` int(10) UNSIGNED NOT NULL,
  `migration` varchar(255) NOT NULL,
  `batch` int(11) NOT NULL
) ENGINE=InnoDB DEFAULT CHARSET=utf8;

--
-- Dumping data for table `migrations`
--

INSERT INTO `migrations` (`id`, `migration`, `batch`) VALUES
(18, '2014_10_12_000000_create_users_table', 1),
(19, '2014_10_12_100000_create_password_resets_table', 1),
(20, '2016_06_01_000001_create_oauth_auth_codes_table', 1),
(21, '2016_06_01_000002_create_oauth_access_tokens_table', 1),
(22, '2016_06_01_000003_create_oauth_refresh_tokens_table', 1),
(23, '2016_06_01_000004_create_oauth_clients_table', 1),
(24, '2016_06_01_000005_create_oauth_personal_access_clients_table', 1),
(25, '2018_09_23_082030_create_products_table', 1),
(26, '2018_09_23_082340_create_reviews_table', 1);

-- --------------------------------------------------------

--
-- Table structure for table `oauth_access_tokens`
--

CREATE TABLE `oauth_access_tokens` (
  `id` varchar(100) NOT NULL,
  `user_id` int(11) DEFAULT NULL,
  `client_id` int(11) NOT NULL,
  `name` varchar(255) DEFAULT NULL,
  `scopes` text,
  `revoked` tinyint(1) NOT NULL,
  `created_at` timestamp NULL DEFAULT NULL,
  `updated_at` timestamp NULL DEFAULT NULL,
  `expires_at` datetime DEFAULT NULL
) ENGINE=InnoDB DEFAULT CHARSET=utf8;

--
-- Dumping data for table `oauth_access_tokens`
--

INSERT INTO `oauth_access_tokens` (`id`, `user_id`, `client_id`, `name`, `scopes`, `revoked`, `created_at`, `updated_at`, `expires_at`) VALUES
('c74e0ee584f9bc793f34e0c384603d85b404ff2d677827485da376302f2ae664e9127c1bd0c827e0', 5, 2, NULL, '[]', 0, '2018-11-08 20:34:51', '2018-11-08 20:34:51', '2019-11-09 03:34:51');

-- --------------------------------------------------------

--
-- Table structure for table `oauth_auth_codes`
--

CREATE TABLE `oauth_auth_codes` (
  `id` varchar(100) NOT NULL,
  `user_id` int(11) NOT NULL,
  `client_id` int(11) NOT NULL,
  `scopes` text,
  `revoked` tinyint(1) NOT NULL,
  `expires_at` datetime DEFAULT NULL
) ENGINE=InnoDB DEFAULT CHARSET=utf8;

-- --------------------------------------------------------

--
-- Table structure for table `oauth_clients`
--

CREATE TABLE `oauth_clients` (
  `id` int(10) UNSIGNED NOT NULL,
  `user_id` int(11) DEFAULT NULL,
  `name` varchar(255) NOT NULL,
  `secret` varchar(100) NOT NULL,
  `redirect` text NOT NULL,
  `personal_access_client` tinyint(1) NOT NULL,
  `password_client` tinyint(1) NOT NULL,
  `revoked` tinyint(1) NOT NULL,
  `created_at` timestamp NULL DEFAULT NULL,
  `updated_at` timestamp NULL DEFAULT NULL
) ENGINE=InnoDB DEFAULT CHARSET=utf8;

--
-- Dumping data for table `oauth_clients`
--

INSERT INTO `oauth_clients` (`id`, `user_id`, `name`, `secret`, `redirect`, `personal_access_client`, `password_client`, `revoked`, `created_at`, `updated_at`) VALUES
(1, NULL, 'Laravel Personal Access Client', 'OjmCU8OFjpbeehbbJA0aUajWvgbvxvmEsGEPF7H6', 'http://localhost', 1, 0, 0, '2018-11-08 20:32:17', '2018-11-08 20:32:17'),
(2, NULL, 'Laravel Password Grant Client', '4Hkckrgz3hDGiS1L1ocAmezQ5L0IR1nSMvVDRHuF', 'http://localhost', 0, 1, 0, '2018-11-08 20:32:17', '2018-11-08 20:32:17');

-- --------------------------------------------------------

--
-- Table structure for table `oauth_personal_access_clients`
--

CREATE TABLE `oauth_personal_access_clients` (
  `id` int(10) UNSIGNED NOT NULL,
  `client_id` int(11) NOT NULL,
  `created_at` timestamp NULL DEFAULT NULL,
  `updated_at` timestamp NULL DEFAULT NULL
) ENGINE=InnoDB DEFAULT CHARSET=utf8;

--
-- Dumping data for table `oauth_personal_access_clients`
--

INSERT INTO `oauth_personal_access_clients` (`id`, `client_id`, `created_at`, `updated_at`) VALUES
(1, 1, '2018-11-08 20:32:17', '2018-11-08 20:32:17');

-- --------------------------------------------------------

--
-- Table structure for table `oauth_refresh_tokens`
--

CREATE TABLE `oauth_refresh_tokens` (
  `id` varchar(100) NOT NULL,
  `access_token_id` varchar(100) NOT NULL,
  `revoked` tinyint(1) NOT NULL,
  `expires_at` datetime DEFAULT NULL
) ENGINE=InnoDB DEFAULT CHARSET=utf8;

--
-- Dumping data for table `oauth_refresh_tokens`
--

INSERT INTO `oauth_refresh_tokens` (`id`, `access_token_id`, `revoked`, `expires_at`) VALUES
('0e9b21833d5e41facca87bcb1337105d7fd158a79279732f7400078bfe5b7a405118649bea1c4055', 'c74e0ee584f9bc793f34e0c384603d85b404ff2d677827485da376302f2ae664e9127c1bd0c827e0', 0, '2019-11-09 03:34:51');

-- --------------------------------------------------------

--
-- Table structure for table `password_resets`
--

CREATE TABLE `password_resets` (
  `email` varchar(255) NOT NULL,
  `token` varchar(255) NOT NULL,
  `created_at` timestamp NULL DEFAULT NULL
) ENGINE=InnoDB DEFAULT CHARSET=utf8;

-- --------------------------------------------------------

--
-- Table structure for table `products`
--

CREATE TABLE `products` (
  `id` int(10) UNSIGNED NOT NULL,
  `name` varchar(255) NOT NULL,
  `detail` text NOT NULL,
  `price` double NOT NULL,
  `stock` int(11) NOT NULL,
  `discount` double NOT NULL,
  `user_id` int(10) UNSIGNED NOT NULL,
  `created_at` timestamp NULL DEFAULT NULL,
  `updated_at` timestamp NULL DEFAULT NULL
) ENGINE=InnoDB DEFAULT CHARSET=utf8;

--
-- Dumping data for table `products`
--

INSERT INTO `products` (`id`, `name`, `detail`, `price`, `stock`, `discount`, `user_id`, `created_at`, `updated_at`) VALUES
(1, 'inventore', 'Autem iste eum modi totam. Et quo rerum non veniam. Similique voluptatem inventore itaque pariatur libero est illum. Iusto eum sit repudiandae praesentium.', 84, 6, 6, 5, '2018-11-08 19:36:53', '2018-11-08 19:36:53'),
(2, 'optio', 'Saepe aut omnis autem harum. Occaecati vel quas aut totam quia. Aut et officiis amet maxime ut aut est.', 44, 0, 9, 1, '2018-11-08 19:36:53', '2018-11-08 19:36:53'),
(3, 'amet', 'Voluptates quis sed ea est excepturi est. Sint eaque voluptatem culpa consectetur quia. Nihil omnis aut sapiente perspiciatis ut. Ea qui beatae ut et ea.', 88, 5, 3, 3, '2018-11-08 19:36:53', '2018-11-08 19:36:53'),
(4, 'voluptates', 'Adipisci non et illum recusandae eligendi id. Rerum dolor quos explicabo odio facere omnis reiciendis.', 27, 9, 2, 4, '2018-11-08 19:36:53', '2018-11-08 19:36:53'),
(5, 'Iphone X 456', 'Manufacture by apple.45', 200, 20, 2, 5, '2018-11-08 19:36:53', '2018-11-09 02:27:49'),
(6, 'Iphone X 456', 'Manufacture by apple.45', 200, 20, 2, 5, '2018-11-08 19:36:53', '2018-11-09 02:28:07'),
(7, 'eum', 'Labore in unde quod aut et et. Aut consequatur atque dolores aut. Consequuntur quod molestiae magnam molestiae natus. Ex nihil eaque sed.', 85, 0, 7, 3, '2018-11-08 19:36:53', '2018-11-08 19:36:53'),
(8, 'eos', 'Non ea ut molestiae molestiae qui. Incidunt laudantium deleniti voluptatibus voluptatem facere.', 64, 0, 9, 1, '2018-11-08 19:36:53', '2018-11-08 19:36:53'),
(9, 'modi', 'Inventore ratione quisquam ad nostrum dolores. Dicta ex blanditiis exercitationem saepe voluptatem et suscipit. Dicta cupiditate vel esse aliquam accusamus quod.', 37, 2, 5, 3, '2018-11-08 19:36:54', '2018-11-08 19:36:54'),
(10, 'voluptate', 'Reprehenderit nam doloremque molestias numquam ut ea fugit. Omnis sunt sunt non eos voluptatem dolorem. Exercitationem placeat reiciendis sunt atque ut.', 92, 6, 5, 5, '2018-11-08 19:36:54', '2018-11-08 19:36:54'),
(11, 'qui', 'Qui quam aliquam porro quia fugit aut aspernatur assumenda. Nemo consequatur facere nobis eligendi laborum similique fuga. Sed voluptatem sunt earum aut. Recusandae eos assumenda esse dolore quia aliquid est. Aut odit quidem exercitationem deleniti saepe recusandae.', 23, 6, 6, 2, '2018-11-08 19:36:54', '2018-11-08 19:36:54'),
(12, 'cumque', 'Error aut natus blanditiis consequatur consequatur explicabo. Libero vel sit ut magni ad officia optio velit. Quia optio et reprehenderit doloremque veritatis velit laborum. Deleniti dolores architecto et itaque natus quis.', 46, 0, 4, 4, '2018-11-08 19:36:54', '2018-11-08 19:36:54'),
(13, 'ut', 'Placeat quod ab delectus minima sit aut fugit. Ea ducimus explicabo et sequi. Ut vel error quia veniam quis incidunt. Dolore tempore et ut modi et consequatur.', 35, 8, 5, 3, '2018-11-08 19:36:54', '2018-11-08 19:36:54'),
(14, 'iste', 'Consequatur non omnis pariatur voluptatem reprehenderit. Odio non quis eos ab voluptatum dolore. Dolores ut aperiam nobis quibusdam nostrum impedit. Inventore et inventore eos voluptatem saepe aspernatur eum.', 77, 7, 8, 2, '2018-11-08 19:36:54', '2018-11-08 19:36:54'),
(15, 'Iphone X 456', 'Manufacture by apple.45', 200, 20, 2, 5, '2018-11-08 19:36:54', '2018-11-09 02:24:10'),
(16, 'ut', 'Repellendus iste harum eaque aut excepturi et quisquam. Optio fugit asperiores pariatur officiis dolorem eligendi suscipit. Eius nulla error praesentium eveniet culpa autem eaque.', 67, 2, 5, 1, '2018-11-08 19:36:54', '2018-11-08 19:36:54'),
(17, 'non', 'Officia et neque adipisci iste soluta velit. Velit aut reiciendis voluptatem eos magnam ratione. Voluptates at sit numquam excepturi in aut.', 89, 1, 4, 4, '2018-11-08 19:36:54', '2018-11-08 19:36:54'),
(18, 'et', 'Neque quos sunt necessitatibus ipsam unde quos non soluta. Vitae voluptas consectetur et. Quia distinctio molestias sed ab nostrum.', 47, 4, 3, 3, '2018-11-08 19:36:54', '2018-11-08 19:36:54'),
(19, 'aliquam', 'Aut temporibus sapiente doloribus et omnis quia voluptatem. Ipsum iure tempora et. Ullam qui est omnis minus laboriosam.', 68, 8, 2, 1, '2018-11-08 19:36:54', '2018-11-08 19:36:54'),
(20, 'est', 'Sequi nihil asperiores voluptatem est. Voluptatibus aliquid aut cumque delectus similique cumque neque qui. Magnam unde optio vero et.', 71, 8, 5, 4, '2018-11-08 19:36:54', '2018-11-08 19:36:54'),
(21, 'doloremque', 'Totam esse accusantium perferendis quidem aperiam expedita modi consectetur. Eos vero ipsum sit reiciendis minima consequatur. Vitae ea adipisci animi esse iste est officia.', 49, 9, 4, 5, '2018-11-08 19:36:54', '2018-11-08 19:36:54'),
(22, 'distinctio', 'Sed veritatis amet impedit et sunt repellendus sed. Dolore occaecati qui voluptatem iusto ducimus et. Incidunt maxime aliquam nostrum culpa et.', 92, 1, 6, 3, '2018-11-08 19:36:54', '2018-11-08 19:36:54'),
(23, 'unde', 'Facilis ex hic architecto maxime illo at. Omnis sunt magnam alias tempore. Optio impedit pariatur adipisci et et placeat facilis.', 79, 1, 5, 4, '2018-11-08 19:36:54', '2018-11-08 19:36:54'),
(24, 'vel', 'Omnis eveniet et non odit voluptates id molestiae. Quia consequatur libero est voluptate. At corrupti cupiditate vel saepe provident dignissimos autem.', 57, 2, 9, 5, '2018-11-08 19:36:54', '2018-11-08 19:36:54'),
(25, 'voluptas', 'Beatae reprehenderit sit et. Velit quibusdam consequatur tempore itaque et aliquam. Rerum nihil nulla tempore dolores ipsum atque.', 90, 6, 3, 5, '2018-11-08 19:36:54', '2018-11-08 19:36:54'),
(26, 'sed', 'Quis consequatur quam ut doloremque odit ut ut. Sequi voluptate molestias a. Eligendi ad modi sequi voluptatem aut illo voluptatem voluptas.', 54, 5, 3, 5, '2018-11-08 19:36:54', '2018-11-08 19:36:54'),
(27, 'ratione', 'Error voluptatibus voluptatem est occaecati. Iure doloremque deleniti tempora doloremque. Sunt hic provident et error voluptas exercitationem sit. Delectus velit molestiae neque dolor.', 26, 4, 2, 2, '2018-11-08 19:36:54', '2018-11-08 19:36:54'),
(28, 'nam', 'Autem ea ipsa reiciendis adipisci voluptate velit sunt odio. Suscipit quo aut fugit sed nemo eaque. Sequi sint aspernatur qui suscipit.', 88, 5, 3, 2, '2018-11-08 19:36:54', '2018-11-08 19:36:54'),
(29, 'hic', 'Inventore cumque quo in quisquam sit eum dolorem. Ut sit deleniti exercitationem reprehenderit iusto tempora dicta. Mollitia dolor omnis sunt velit. Natus ab quia quia.', 12, 6, 7, 3, '2018-11-08 19:36:54', '2018-11-08 19:36:54'),
(30, 'molestiae', 'Dolor quos ut nam aperiam repellendus ratione. Omnis molestiae nobis quia officia commodi consequatur et.', 52, 7, 8, 2, '2018-11-08 19:36:54', '2018-11-08 19:36:54'),
(31, 'cum', 'Neque magni incidunt quas eum. Odit culpa qui quae nam. Recusandae distinctio iste et. Esse voluptates vel quae impedit molestiae.', 86, 3, 3, 1, '2018-11-08 19:36:55', '2018-11-08 19:36:55'),
(32, 'cumque', 'Dolore libero tempore sapiente placeat voluptatem voluptatem laudantium. Sint laboriosam mollitia sapiente voluptatem occaecati nemo. Et autem et provident praesentium. Necessitatibus velit excepturi eum sunt odio minus quisquam.', 94, 3, 5, 2, '2018-11-08 19:36:55', '2018-11-08 19:36:55'),
(33, 'sunt', 'Laborum adipisci dignissimos error mollitia et dicta. Et tempora omnis dicta sed exercitationem tenetur. Fugit hic itaque ea culpa. Fuga voluptates corporis quisquam fuga et consequatur. Ipsa nesciunt vel fuga.', 75, 7, 3, 2, '2018-11-08 19:36:55', '2018-11-08 19:36:55'),
(34, 'occaecati', 'Qui sint aspernatur enim vero aut. Voluptas aspernatur qui voluptates nobis quod quisquam. Sint perferendis omnis hic fugit quidem.', 14, 7, 2, 4, '2018-11-08 19:36:55', '2018-11-08 19:36:55'),
(35, 'labore', 'Unde ducimus laboriosam accusantium eaque est architecto. Unde molestiae hic et sit ut corrupti odit recusandae. Qui perspiciatis laboriosam et.', 48, 5, 6, 3, '2018-11-08 19:36:55', '2018-11-08 19:36:55'),
(36, 'sed', 'Ut natus voluptas quaerat nam. Repellendus nesciunt laboriosam rerum. Velit velit animi expedita est.', 20, 8, 4, 4, '2018-11-08 19:36:55', '2018-11-08 19:36:55'),
(37, 'quia', 'Voluptatem debitis vel molestias earum. Voluptates explicabo eum facere et consequuntur eveniet eum nisi. Quia repudiandae delectus minima atque sed et est officiis. Ut architecto facilis et qui quis ipsum dolore nihil. Quos et placeat rerum similique.', 62, 8, 6, 1, '2018-11-08 19:36:55', '2018-11-08 19:36:55'),
(38, 'sint', 'Et et repudiandae et ducimus quaerat neque. Natus quia dignissimos molestias eos dolores sunt assumenda. Dolores tempore exercitationem magni doloribus et magni.', 33, 4, 8, 5, '2018-11-08 19:36:55', '2018-11-08 19:36:55'),
(39, 'est', 'Iure qui non id cupiditate. Distinctio repellat et aut recusandae. Modi quia alias itaque necessitatibus aut.', 14, 1, 4, 4, '2018-11-08 19:36:55', '2018-11-08 19:36:55'),
(40, 'consequuntur', 'Nemo molestias expedita magnam. Ipsa cumque ipsum amet. Consectetur incidunt in eum maxime quibusdam. Accusamus voluptas dignissimos modi et rerum ad dolorum beatae. Doloremque eius perferendis aliquam occaecati enim.', 91, 9, 7, 2, '2018-11-08 19:36:55', '2018-11-08 19:36:55'),
(41, 'sint', 'Qui aut sunt maiores optio eveniet aliquid soluta. Necessitatibus culpa voluptatem et. Ut commodi quaerat dolorum omnis laudantium quaerat ut.', 69, 1, 2, 5, '2018-11-08 19:36:55', '2018-11-08 19:36:55'),
(42, 'provident', 'Nisi aspernatur et asperiores fugiat deserunt quasi necessitatibus. Error cupiditate quos eum voluptatum neque aliquid voluptatem. Sequi sit vero natus est aut sunt iste.', 31, 1, 9, 1, '2018-11-08 19:36:55', '2018-11-08 19:36:55'),
(43, 'et', 'Eius omnis minima iusto nulla. Sit nihil doloremque eligendi ipsam ipsam aspernatur commodi. Possimus nihil quasi in voluptatibus.', 69, 0, 7, 2, '2018-11-08 19:36:55', '2018-11-08 19:36:55'),
(44, 'aperiam', 'Necessitatibus modi at incidunt. Quasi quam laudantium sint ut nemo dolor. Aut vitae architecto ut magni. Voluptatem dolores ipsa sit molestias accusantium.', 61, 0, 4, 1, '2018-11-08 19:36:55', '2018-11-08 19:36:55'),
(45, 'dicta', 'Optio numquam voluptas minima ea dolores sequi. Nesciunt autem suscipit qui eum dolor qui eveniet voluptatum. Repellat et doloribus culpa et rerum. Qui esse accusamus maiores consequatur quae. Itaque sint similique voluptatibus porro.', 63, 9, 4, 4, '2018-11-08 19:36:55', '2018-11-08 19:36:55'),
(46, 'et', 'Non suscipit hic fugiat atque nam qui atque. Corporis ipsa labore qui hic. Illo aut deleniti asperiores id.', 77, 1, 4, 5, '2018-11-08 19:36:55', '2018-11-08 19:36:55'),
(47, 'commodi', 'Sequi impedit quisquam fugit aut assumenda repellendus. Cumque sed ut id ipsum fugit magnam. Voluptates culpa non perspiciatis voluptas enim tempore. Eligendi voluptatem est eos iure repellendus in.', 71, 9, 7, 1, '2018-11-08 19:36:55', '2018-11-08 19:36:55'),
(48, 'ab', 'Numquam suscipit quo laborum distinctio soluta architecto. Culpa odio est quia id enim ullam. Consequatur placeat accusamus hic et vel earum. Veritatis atque sunt vero qui.', 98, 1, 2, 1, '2018-11-08 19:36:55', '2018-11-08 19:36:55'),
(49, 'explicabo', 'Quis magni fuga et. Distinctio temporibus quis ipsa deleniti soluta mollitia recusandae.', 83, 6, 5, 3, '2018-11-08 19:36:55', '2018-11-08 19:36:55'),
(50, 'sit', 'Error quis placeat reiciendis reiciendis dolore et. Qui corrupti ratione aut nam inventore vel inventore. Ut eum ut veritatis incidunt dolor.', 65, 2, 7, 5, '2018-11-08 19:36:55', '2018-11-08 19:36:55');

-- --------------------------------------------------------

--
-- Table structure for table `reviews`
--

CREATE TABLE `reviews` (
  `id` int(10) UNSIGNED NOT NULL,
  `product_id` int(10) UNSIGNED NOT NULL,
  `customer` varchar(255) NOT NULL,
  `review` text NOT NULL,
  `star` int(11) NOT NULL,
  `created_at` timestamp NULL DEFAULT NULL,
  `updated_at` timestamp NULL DEFAULT NULL
) ENGINE=InnoDB DEFAULT CHARSET=utf8;

--
-- Dumping data for table `reviews`
--

INSERT INTO `reviews` (`id`, `product_id`, `customer`, `review`, `star`, `created_at`, `updated_at`) VALUES
(1, 32, 'Emelia Grady', 'Accusamus aut et optio quaerat modi commodi sed. Consequatur sed autem est qui. Harum harum explicabo aut dolor excepturi itaque. Beatae repellat nulla eligendi harum.', 4, '2018-11-08 19:36:56', '2018-11-08 19:36:56'),
(2, 13, 'Nicklaus Senger II', 'Deleniti voluptas enim voluptates molestiae sed nobis recusandae minima. Nisi repudiandae in qui non quia vel. Recusandae dolores et reiciendis temporibus iste alias impedit. Adipisci officia culpa accusantium quia dolor dolore architecto fugit.', 1, '2018-11-08 19:36:57', '2018-11-08 19:36:57'),
(3, 35, 'Clotilde Hane', 'Deleniti incidunt sed et esse quibusdam esse suscipit. Magnam optio expedita ut reprehenderit.', 2, '2018-11-08 19:36:57', '2018-11-08 19:36:57'),
(4, 8, 'Toby Senger', 'Consequuntur ut sequi enim qui. Omnis est repellendus id. Quia tenetur incidunt nam ut molestiae dolorem aliquid sit. Doloremque recusandae exercitationem molestiae omnis quis molestiae odio. Nihil quam aperiam hic assumenda nihil velit.', 3, '2018-11-08 19:36:57', '2018-11-08 19:36:57'),
(5, 10, 'Melany Fay', 'Iure et repudiandae est aut omnis. Tempora vero ipsa sed excepturi est. Id eos quos dolorem illum nihil dolorem.', 1, '2018-11-08 19:36:57', '2018-11-08 19:36:57'),
(6, 46, 'Helga Bashirian', 'Quo rerum reiciendis consequatur mollitia dolorum. Iusto totam vero odio voluptas. Eveniet quo asperiores ipsam animi officiis vero.', 1, '2018-11-08 19:36:57', '2018-11-08 19:36:57'),
(7, 12, 'Caitlyn Strosin', 'Similique aspernatur reiciendis cum autem sint cupiditate. Sit consequatur adipisci atque aut. Soluta asperiores quia officia ut non.', 2, '2018-11-08 19:36:57', '2018-11-08 19:36:57'),
(8, 49, 'Dr. Diana Rolfson', 'Vel accusamus ut explicabo quia eos sunt aut. Vitae laborum laborum perspiciatis incidunt quas ipsum. Dignissimos sunt in dolorem fugiat quo accusantium. Inventore minima sunt omnis est. Natus ut labore cupiditate autem.', 2, '2018-11-08 19:36:57', '2018-11-08 19:36:57'),
(9, 8, 'Andres Funk', 'Nisi est excepturi et earum quisquam. Rerum distinctio maiores aut maiores reiciendis aut quia. Sed perferendis magni sequi maiores cupiditate alias. Laborum nostrum ut ipsum amet aut quia aspernatur voluptate.', 1, '2018-11-08 19:36:57', '2018-11-08 19:36:57'),
(10, 43, 'Elfrieda Breitenberg', 'Laborum velit et eaque fugit qui quis praesentium. Unde hic ut aliquid perferendis quia voluptas ut. Ut aliquam assumenda atque rerum qui. Eveniet accusamus ullam ipsum consequatur repellat aut.', 2, '2018-11-08 19:36:57', '2018-11-08 19:36:57'),
(11, 36, 'Mr. Easter Hickle', 'Enim et sed earum eligendi omnis. Animi a velit molestiae eos reiciendis consequatur eveniet laboriosam. Quod aut cupiditate veniam architecto.', 3, '2018-11-08 19:36:57', '2018-11-08 19:36:57'),
(12, 22, 'Marquis Ruecker', 'Reprehenderit consectetur aliquam iure quidem aut. Consequuntur qui molestiae accusamus saepe quaerat rerum est corrupti. Voluptatem vero esse aperiam necessitatibus. Id illo voluptates culpa quis non nihil. Ipsam eum magni temporibus aspernatur.', 1, '2018-11-08 19:36:57', '2018-11-08 19:36:57'),
(13, 33, 'Carol Keebler', 'Distinctio eveniet quaerat sed dolorem esse magni. Sed accusamus cupiditate aut inventore sint eum placeat. Et quas adipisci natus in. Et rerum omnis et labore. Sed sint temporibus nihil inventore.', 0, '2018-11-08 19:36:57', '2018-11-08 19:36:57'),
(14, 37, 'Issac Schultz Jr.', 'Ducimus numquam in quo quidem. Praesentium asperiores consequuntur maiores nisi quo sed natus. Ad ipsam repudiandae est voluptate.', 2, '2018-11-08 19:36:57', '2018-11-08 19:36:57'),
(15, 38, 'Taurean Goyette', 'Dignissimos necessitatibus et fugiat sequi aperiam. Ex recusandae aut et quaerat aliquam quod quibusdam unde. Voluptatem porro iusto praesentium dolorem et est.', 1, '2018-11-08 19:36:57', '2018-11-08 19:36:57'),
(16, 43, 'Brionna Ritchie', 'Quae earum nostrum repudiandae facilis. Aspernatur aliquam nemo error magni voluptas quia. Facilis sit enim aut vitae omnis voluptas.', 5, '2018-11-08 19:36:57', '2018-11-08 19:36:57'),
(17, 21, 'Yazmin Becker', 'Est quia autem et in quo at. Voluptatum sit sit vel unde. Aut veritatis consequatur dolor et hic sit autem ut. Facilis nihil eum laborum perspiciatis a.', 2, '2018-11-08 19:36:57', '2018-11-08 19:36:57'),
(18, 47, 'Johnpaul Walsh', 'A incidunt quisquam vitae veniam ut facilis non. Quam provident nisi earum nemo voluptate animi qui vel.', 4, '2018-11-08 19:36:57', '2018-11-08 19:36:57'),
(19, 2, 'Rosamond Glover', 'Quis sequi culpa iure minima officiis iste saepe porro. Distinctio labore minus reprehenderit iste sequi.', 1, '2018-11-08 19:36:57', '2018-11-08 19:36:57'),
(20, 40, 'Dr. Wellington Bins DVM', 'Esse nostrum explicabo voluptatem necessitatibus architecto assumenda officia. Aliquam possimus molestiae nesciunt et quaerat aut quidem. Sunt ut ipsum laudantium beatae voluptas omnis qui.', 4, '2018-11-08 19:36:57', '2018-11-08 19:36:57'),
(22, 41, 'Dr. Adonis Keebler Jr.', 'Nobis et qui culpa. Eaque sed omnis aut modi nesciunt. Numquam cum et ex exercitationem quo magnam. Vitae maxime quia rerum eligendi.', 0, '2018-11-08 19:36:57', '2018-11-08 19:36:57'),
(23, 49, 'Zetta Boyle', 'Aut illo quibusdam vitae eius ut est perferendis omnis. Consequatur rerum labore aperiam suscipit qui non molestiae praesentium. Molestiae facere tempore sed nesciunt dignissimos ut. Nesciunt quae sit omnis aut quod.', 0, '2018-11-08 19:36:57', '2018-11-08 19:36:57'),
(24, 8, 'Mathias Rodriguez III', 'Voluptatem qui ea asperiores corrupti quis. Sed ipsum cumque quidem. Nihil quo rerum delectus ipsam quia rerum at ut.', 2, '2018-11-08 19:36:57', '2018-11-08 19:36:57'),
(25, 46, 'Tyler Senger', 'Cumque in quam dolore debitis vitae voluptas eius. Ipsam labore cumque autem explicabo. Sint ut sit et omnis earum eligendi nemo. Laboriosam vel et porro eum aut sequi. Quae voluptatum consequuntur voluptates perspiciatis corporis suscipit.', 2, '2018-11-08 19:36:58', '2018-11-08 19:36:58'),
(26, 28, 'Ms. Dorris Langworth DDS', 'Porro qui corrupti reprehenderit quia commodi. Reiciendis aut excepturi dignissimos consequatur molestias nisi. Est qui illum velit. Aut incidunt placeat est id maxime ad facere et.', 0, '2018-11-08 19:36:58', '2018-11-08 19:36:58'),
(27, 15, 'Dr. Theodore Bins PhD', 'Architecto et harum sit et. Dolore ea quidem nihil dolor aliquam. Sint sint et nam est nihil velit aut. Asperiores tempore numquam doloribus autem voluptas.', 1, '2018-11-08 19:36:58', '2018-11-08 19:36:58'),
(28, 17, 'Aiden Orn', 'Fuga sint fuga molestiae ut qui eos. Excepturi voluptatum ipsa repellendus ad.', 1, '2018-11-08 19:36:58', '2018-11-08 19:36:58'),
(29, 43, 'Jamaal Fahey', 'Suscipit ipsum placeat ut quod nemo fugit ipsam. Dolores quas reprehenderit rerum non sequi vel. Aperiam sapiente at accusamus autem. Aut at dolores quod.', 0, '2018-11-08 19:36:58', '2018-11-08 19:36:58'),
(30, 9, 'Mrs. Ana D\'Amore', 'Maxime ut sed et quia excepturi. Vero quisquam corporis corrupti voluptas voluptatem totam. Et distinctio quis aut perferendis nulla.', 2, '2018-11-08 19:36:58', '2018-11-08 19:36:58'),
(31, 19, 'Moriah Herman', 'Nihil at dolorum voluptates eum. Dolorum sed qui molestiae ut blanditiis assumenda. Quis ullam ut id minus fugit a. Rerum dolorum libero sed tempora quibusdam enim facere.', 2, '2018-11-08 19:36:58', '2018-11-08 19:36:58'),
(32, 39, 'Prof. Sylvia Kunde', 'Nobis qui repellendus maiores. Voluptas sit at in suscipit ipsam aut fugit. Occaecati asperiores sapiente ad quia.', 3, '2018-11-08 19:36:58', '2018-11-08 19:36:58'),
(33, 17, 'Kiana Shanahan Sr.', 'Odio nam eum aut aut incidunt voluptatem eos. Voluptatem numquam placeat quod qui. Nihil est reprehenderit quas culpa veritatis quaerat magni. Veniam placeat deserunt est.', 0, '2018-11-08 19:36:58', '2018-11-08 19:36:58'),
(34, 24, 'June Champlin', 'Dignissimos earum officiis laboriosam non consequatur. Dolore et vero dolores eius et dolore dolor molestiae. Ipsa autem repellat ea aut. Quos voluptatem harum dolorum doloremque quis.', 1, '2018-11-08 19:36:58', '2018-11-08 19:36:58'),
(35, 38, 'Maryjane Howell', 'Ab maxime et aperiam. Soluta illum mollitia rem porro quis nihil.', 3, '2018-11-08 19:36:58', '2018-11-08 19:36:58'),
(36, 14, 'Adella Armstrong', 'Id est qui natus ratione. Est magni suscipit nam. Quis et dolor quia est nobis nam quo.', 3, '2018-11-08 19:36:58', '2018-11-08 19:36:58'),
(37, 36, 'Prof. Rocky Steuber IV', 'Expedita perferendis magnam quo optio. Optio maiores quos quam consequatur vitae aut aliquam. Dolore consequatur minima accusamus voluptatem. Provident pariatur eos nihil. Dolores hic quis sint corporis aliquam provident accusantium rerum.', 2, '2018-11-08 19:36:58', '2018-11-08 19:36:58'),
(38, 28, 'Mr. Lesley Stamm Jr.', 'Sunt vel et quia consequatur repellat voluptatem. Eveniet ab iure delectus voluptas. Sed dolorum sed aliquam sed.', 1, '2018-11-08 19:36:58', '2018-11-08 19:36:58'),
(39, 31, 'Ms. Christina Gottlieb', 'Sed ea repellendus in asperiores. Fugiat aliquam et officiis aut aspernatur et ut. Sed deserunt nesciunt esse quidem.', 4, '2018-11-08 19:36:58', '2018-11-08 19:36:58'),
(40, 17, 'Ora Legros', 'Consequatur sint aliquam fugiat excepturi odit. Eius quas beatae ut. Et vel velit porro qui enim. Quo ducimus deleniti perferendis deleniti doloremque esse laboriosam.', 4, '2018-11-08 19:36:58', '2018-11-08 19:36:58'),
(41, 47, 'Oswald Satterfield', 'Fugit consequatur ducimus rerum animi et. Dolorem praesentium qui nam in. Et qui vel aspernatur et est aut.', 0, '2018-11-08 19:36:58', '2018-11-08 19:36:58'),
(42, 28, 'Ignacio Cummings', 'Quia repellendus quo quibusdam architecto repudiandae iusto assumenda eos. In eaque nostrum voluptatem est alias amet molestiae. Consequatur minima rerum perferendis dolores.', 0, '2018-11-08 19:36:58', '2018-11-08 19:36:58'),
(43, 23, 'Dr. Collin Feeney IV', 'Ea sapiente porro et cupiditate. Consequatur unde facilis vel. Assumenda ut eligendi ea illo.', 2, '2018-11-08 19:36:58', '2018-11-08 19:36:58'),
(44, 15, 'Loyal Schmeler', 'Veritatis dolorem laboriosam nobis eum. Numquam sunt saepe et eligendi. Sunt dicta laboriosam quo veniam labore numquam deleniti.', 0, '2018-11-08 19:36:58', '2018-11-08 19:36:58'),
(45, 21, 'Norwood Rogahn', 'Vero et sed accusamus officia eos. Qui id sit qui nostrum quia molestiae eos. Minus aut in ut.', 1, '2018-11-08 19:36:59', '2018-11-08 19:36:59'),
(46, 21, 'Prof. Aisha Rosenbaum', 'Non dolores fuga id eum qui quaerat. Aut voluptatem rerum dignissimos ut aliquid amet repudiandae. Temporibus alias molestiae doloremque sint consequatur ipsam voluptate et. Placeat distinctio ut laboriosam.', 1, '2018-11-08 19:36:59', '2018-11-08 19:36:59'),
(47, 32, 'Ozella Bruen', 'Accusantium voluptas eos numquam quos deserunt sed. Dolor culpa dolorem non omnis fugiat consequatur aliquam. Magnam facere ipsam praesentium. Veniam doloribus et non sed.', 2, '2018-11-08 19:36:59', '2018-11-08 19:36:59'),
(48, 48, 'Zena Krajcik', 'Qui repudiandae aut nihil vel culpa. Quo consectetur voluptatem non in architecto recusandae reprehenderit laboriosam. Cum quae commodi quas nulla voluptates omnis cum. Et sapiente dolorem corporis omnis.', 4, '2018-11-08 19:36:59', '2018-11-08 19:36:59'),
(49, 41, 'Bernita Feeney', 'Et aperiam et soluta illum perspiciatis. Sunt voluptas consequatur dolores sint dignissimos dicta consequuntur nulla. Quibusdam reiciendis rerum sint enim. Velit est saepe aut minus repudiandae est et.', 2, '2018-11-08 19:36:59', '2018-11-08 19:36:59'),
(50, 8, 'Norbert Abbott', 'Facere autem officia voluptatibus autem corporis culpa. In natus explicabo dolores eius. Sunt nam doloribus soluta eos accusantium eum. Et excepturi ullam dolor atque ipsum reiciendis.', 2, '2018-11-08 19:36:59', '2018-11-08 19:36:59'),
(51, 9, 'Miss Emma Schuppe DVM', 'Suscipit rerum sit odit dolores dolorum. Et quia sed cumque quia aut magnam.', 4, '2018-11-08 19:36:59', '2018-11-08 19:36:59'),
(52, 45, 'Dorthy Ratke I', 'Similique aut in autem consequuntur ut. Vel voluptatibus tempore veritatis eum. Illum ducimus nobis magni nisi at.', 2, '2018-11-08 19:36:59', '2018-11-08 19:36:59'),
(53, 20, 'Cicero Moore', 'Voluptatem cum perspiciatis sunt facilis sed ratione. Consequatur magnam placeat fuga facere consequatur consectetur ipsum. Praesentium culpa dignissimos culpa commodi adipisci vel non voluptates.', 1, '2018-11-08 19:36:59', '2018-11-08 19:36:59'),
(54, 25, 'Dr. Willa Reynolds PhD', 'Rerum facere dolores at alias ipsam doloremque. Praesentium qui dolorum eum totam. Consequatur id unde hic assumenda non. Nisi sequi sint itaque omnis cupiditate. Ut exercitationem eos harum.', 4, '2018-11-08 19:36:59', '2018-11-08 19:36:59'),
(55, 20, 'Katheryn O\'Reilly', 'Quo quia sequi hic nemo nisi ut autem. Nam minus autem magni quis minima. Recusandae exercitationem voluptatum eum quibusdam amet quasi sit. Libero possimus officiis nostrum unde dignissimos nesciunt optio quia.', 4, '2018-11-08 19:36:59', '2018-11-08 19:36:59'),
(56, 31, 'Cale Hettinger', 'Nesciunt sint vitae qui autem nesciunt qui. Consectetur et fuga voluptatem saepe. Placeat rerum quos porro. Eius debitis aut sint consequatur in.', 0, '2018-11-08 19:36:59', '2018-11-08 19:36:59'),
(57, 21, 'Ms. Guadalupe Emmerich', 'Est iure quia velit rerum. Qui rem nihil ea consequatur. Similique a est aut. Est eligendi repellendus placeat alias nesciunt dolorem.', 2, '2018-11-08 19:36:59', '2018-11-08 19:36:59'),
(58, 37, 'Prof. Carey Block', 'Ipsum aliquid consequatur sunt sint sunt iste. Labore accusantium earum consequatur minus neque. Illum voluptas sequi sit non qui asperiores et. Corporis perferendis vitae sint reiciendis.', 0, '2018-11-08 19:36:59', '2018-11-08 19:36:59'),
(59, 49, 'Bridget White', 'Vel dolores officiis est. Cum optio odit dicta quisquam eaque. Recusandae sunt corrupti laudantium quos omnis reiciendis. In quis facilis quas voluptatum quas.', 1, '2018-11-08 19:36:59', '2018-11-08 19:36:59'),
(60, 31, 'Philip Turcotte', 'Eum voluptatem velit consectetur ut dolores quo sint. Ducimus laborum et mollitia quo qui nobis. Quia at quia soluta nulla saepe deleniti earum quod. Eligendi et ipsa non porro consequuntur corrupti quisquam.', 2, '2018-11-08 19:36:59', '2018-11-08 19:36:59'),
(61, 19, 'Evangeline Bednar', 'Quidem a et quis corporis omnis maxime quibusdam. Ipsa doloremque et ullam cumque eum mollitia perspiciatis nam. Et qui nisi a explicabo delectus nulla. Consequuntur et quidem rem. Dolores et cum provident.', 4, '2018-11-08 19:36:59', '2018-11-08 19:36:59'),
(62, 38, 'Esperanza Kuphal', 'Suscipit eaque sit voluptatum. Dolore sint sed eligendi sint est in error deleniti. Eum perferendis et sapiente illo rerum sed.', 2, '2018-11-08 19:36:59', '2018-11-08 19:36:59'),
(63, 44, 'Dr. Anissa Dach IV', 'Ut sed animi et culpa et explicabo placeat. Voluptatum earum perferendis perferendis deserunt asperiores cumque. Ipsa voluptate voluptatem commodi ratione dolores saepe quo.', 3, '2018-11-08 19:36:59', '2018-11-08 19:36:59'),
(64, 50, 'Marcus Powlowski', 'Perspiciatis rerum deleniti cumque adipisci est deleniti. Doloremque aut qui ea natus dolor aut. Explicabo sit necessitatibus est quam culpa.', 2, '2018-11-08 19:36:59', '2018-11-08 19:36:59'),
(65, 3, 'Stefanie Pacocha', 'Qui omnis accusamus blanditiis aut. Id voluptatum laboriosam magnam deleniti. Culpa fuga in iste optio nihil. Et eligendi sunt est.', 4, '2018-11-08 19:36:59', '2018-11-08 19:36:59'),
(66, 35, 'Aylin Terry Jr.', 'Necessitatibus eveniet dolores ut eum quidem non. Et inventore illum est nemo quisquam. Atque quo et non. Odio id molestiae temporibus quia.', 0, '2018-11-08 19:37:00', '2018-11-08 19:37:00'),
(67, 22, 'Mark Lindgren', 'Odio maxime error quidem ullam. Consequatur est aliquam vel voluptatem ex. Beatae omnis dolorem nemo recusandae fugit. Optio omnis rerum corrupti magnam odio.', 5, '2018-11-08 19:37:00', '2018-11-08 19:37:00'),
(68, 9, 'Dr. Augusta Ward', 'Asperiores aut quia consectetur ut. Ut hic tempora laudantium dolores expedita. Esse eaque cupiditate officia itaque ipsum voluptate.', 3, '2018-11-08 19:37:00', '2018-11-08 19:37:00'),
(69, 9, 'Miss Ena Schulist PhD', 'Nam ipsam ratione vel sint amet quia. Rerum suscipit eos sunt ut rerum. Odio autem id et consequuntur ab neque omnis porro. Tempora eaque id eligendi labore quisquam.', 0, '2018-11-08 19:37:00', '2018-11-08 19:37:00'),
(70, 3, 'Nicolas Turner', 'Quod voluptatem animi aliquam. Excepturi aliquam reiciendis eum necessitatibus. Commodi beatae nemo omnis voluptatum esse sapiente minima. Quisquam iste eum quas voluptatibus dolore.', 5, '2018-11-08 19:37:00', '2018-11-08 19:37:00'),
(71, 19, 'Eunice Mertz', 'Minus nobis ipsum aut vel debitis. Similique beatae nostrum eaque numquam. Rem nesciunt voluptatem iure voluptas sint et qui. Doloribus magni vero temporibus ea.', 3, '2018-11-08 19:37:00', '2018-11-08 19:37:00'),
(72, 17, 'Geraldine Labadie II', 'Quibusdam fuga dolore aut est autem omnis. Dolores quidem recusandae quam repellat magnam illo. Dolor cupiditate ea ea repellat iste. Laudantium dolores sunt reprehenderit eligendi qui debitis. Animi quo enim sit fugiat repudiandae dolores voluptatibus reprehenderit.', 4, '2018-11-08 19:37:00', '2018-11-08 19:37:00'),
(73, 17, 'Kristina Ortiz', 'Quia harum excepturi ea optio dignissimos aut et ut. Unde earum beatae dolores aut voluptatem. Maxime voluptas expedita beatae aut iure fugiat est. Aspernatur eaque dolor ducimus quas.', 0, '2018-11-08 19:37:00', '2018-11-08 19:37:00'),
(74, 31, 'Dawson Gottlieb Jr.', 'Molestiae iste quisquam perspiciatis consequuntur tempore rerum voluptatem. Voluptas sunt provident odio facilis ut id. Sunt rerum sed eos et nam beatae delectus perspiciatis.', 4, '2018-11-08 19:37:00', '2018-11-08 19:37:00'),
(75, 27, 'Mrs. Jeanette Walsh DDS', 'Ex et accusamus sapiente. Possimus non libero quibusdam provident. Sint minus enim porro vel. Sed voluptatem et omnis provident molestiae quibusdam.', 5, '2018-11-08 19:37:00', '2018-11-08 19:37:00'),
(76, 27, 'Mr. Colby Casper Sr.', 'Cumque debitis perspiciatis consequatur saepe eius consequatur earum quas. Veritatis tempora beatae omnis sed et eos tenetur. Atque nemo assumenda accusantium consequuntur cum quasi. Molestias consequuntur illum in eaque quos neque. Sint accusantium consequuntur earum quia ullam ad.', 5, '2018-11-08 19:37:00', '2018-11-08 19:37:00'),
(77, 43, 'Gerardo Cummings', 'Est ab officia qui ratione voluptatem omnis ipsa quod. Accusantium quam molestiae possimus consequatur. Esse et tenetur velit qui id.', 2, '2018-11-08 19:37:00', '2018-11-08 19:37:00'),
(78, 1, 'Ms. Mariana Nienow', 'Soluta voluptas sequi id. Eveniet quibusdam voluptas aspernatur est esse quaerat voluptas.', 4, '2018-11-08 19:37:00', '2018-11-08 19:37:00'),
(79, 23, 'Erich Williamson', 'Numquam non sit alias repudiandae quia quas sunt. Voluptate tempora ut maiores itaque aut. Consectetur ex ipsum harum est nihil et.', 5, '2018-11-08 19:37:00', '2018-11-08 19:37:00'),
(80, 17, 'Carmel Boyer', 'Qui iusto dolorem nulla eveniet nostrum distinctio error. Unde aut quisquam aliquam soluta impedit et. Fugit nulla et veniam eveniet possimus rerum. Ut voluptatum et nihil sapiente velit officiis.', 3, '2018-11-08 19:37:00', '2018-11-08 19:37:00'),
(81, 4, 'Madelynn Mraz DDS', 'Eum asperiores et optio deserunt esse est ut. Ut quis nihil maxime temporibus quas natus. Corrupti tempora dolor ipsa neque omnis atque.', 4, '2018-11-08 19:37:00', '2018-11-08 19:37:00'),
(82, 33, 'Dr. Reese Waelchi III', 'Et et id adipisci et unde dolor. Aut est nisi magni doloribus eum ipsam et ullam. Est numquam et earum ut. Quis consequuntur eos nam hic veritatis.', 3, '2018-11-08 19:37:00', '2018-11-08 19:37:00'),
(83, 17, 'Joana Dickinson V', 'Aperiam delectus suscipit assumenda amet quis dolorum sed. Modi debitis voluptas quisquam doloremque quibusdam et. Tempore dignissimos est et quibusdam pariatur veniam.', 1, '2018-11-08 19:37:00', '2018-11-08 19:37:00'),
(84, 15, 'Prof. Urban Ferry', 'Molestiae harum suscipit corrupti illo ut voluptas ea. Velit commodi deserunt cumque voluptas aperiam. Voluptatem illum facere quo autem eum molestiae. Id nisi atque quod autem reiciendis.', 3, '2018-11-08 19:37:00', '2018-11-08 19:37:00'),
(85, 22, 'Abigayle Senger Jr.', 'Quo provident dolorum ipsum porro deserunt. Deleniti facere aut sed. Excepturi qui dolore porro optio.', 1, '2018-11-08 19:37:00', '2018-11-08 19:37:00'),
(86, 49, 'Paul Powlowski', 'Et quae occaecati enim enim. Est ut provident est delectus atque repellendus a. Ea sed voluptates consectetur.', 0, '2018-11-08 19:37:00', '2018-11-08 19:37:00'),
(87, 35, 'Flo Maggio', 'Quis nostrum et est eum aut et nihil. Est et excepturi voluptatem est non rerum laborum. Temporibus aut et quas quisquam culpa occaecati.', 0, '2018-11-08 19:37:00', '2018-11-08 19:37:00'),
(88, 4, 'Ole Greenholt', 'Laboriosam alias ut est aut. Doloribus voluptatum illo quia deleniti eum non. A ducimus et ut et magnam.', 3, '2018-11-08 19:37:00', '2018-11-08 19:37:00'),
(89, 30, 'Conrad Barrows Sr.', 'Commodi mollitia distinctio beatae dicta quae perspiciatis. Minus ullam qui atque et quisquam velit. Natus ut sequi aliquam sed veniam ipsa fugit.', 3, '2018-11-08 19:37:00', '2018-11-08 19:37:00'),
(90, 1, 'Tess Wisozk', 'Enim ad consequatur pariatur expedita beatae ipsa amet. Ex perferendis ea nesciunt molestias qui. At quo tenetur accusantium repellat mollitia earum beatae. Magni eius modi possimus nesciunt nobis quia et consectetur.', 2, '2018-11-08 19:37:01', '2018-11-08 19:37:01'),
(91, 33, 'Adella Schuster', 'Tempora culpa harum eaque ipsa tempora sit quo. Delectus dignissimos voluptate in eius quam. Earum suscipit eveniet facilis similique necessitatibus neque aut pariatur.', 2, '2018-11-08 19:37:01', '2018-11-08 19:37:01'),
(92, 25, 'Bruce Greenfelder', 'A totam aut porro eum eos nihil repudiandae. Iure et quas necessitatibus minus occaecati. Distinctio in et sunt. Vero libero sit aliquid.', 0, '2018-11-08 19:37:01', '2018-11-08 19:37:01'),
(93, 25, 'Cornelius Keeling', 'Odit consequuntur corrupti consequatur. Veritatis sit velit est eos quos animi et debitis.', 4, '2018-11-08 19:37:01', '2018-11-08 19:37:01'),
(94, 47, 'Caden Ullrich', 'Omnis nesciunt est illo qui quia. Quia quis et eos et quaerat non. Autem hic quis eius in est magni et quae.', 4, '2018-11-08 19:37:01', '2018-11-08 19:37:01'),
(95, 41, 'Dr. Morgan Wilderman PhD', 'Nesciunt laudantium voluptates amet fuga officiis et id. Quia consequatur consequatur ea et mollitia et recusandae praesentium. Dolor odit molestiae praesentium corporis consequuntur ipsam.', 4, '2018-11-08 19:37:01', '2018-11-08 19:37:01'),
(96, 8, 'Camilla Osinski', 'Ad ut ut laborum itaque. Odio ad adipisci repellendus repellat. Dolorem nam iusto vel veniam temporibus doloribus explicabo. Aut veritatis commodi itaque facere est consequatur consequatur.', 2, '2018-11-08 19:37:01', '2018-11-08 19:37:01'),
(97, 26, 'Miss Aileen Weissnat', 'Excepturi dolores ea nesciunt totam nisi. Accusantium at dolor et nobis eveniet magni.', 2, '2018-11-08 19:37:01', '2018-11-08 19:37:01'),
(98, 23, 'Marcelle Gaylord', 'Ex est dolores est soluta. Maxime harum aut atque quo iste quos rerum. Reiciendis natus quia quia nihil id temporibus reprehenderit.', 2, '2018-11-08 19:37:01', '2018-11-08 19:37:01'),
(99, 49, 'Miss Alivia Zieme IV', 'Enim et animi corrupti eveniet. Inventore quaerat illum reprehenderit sunt aliquam aspernatur voluptas. Ipsa quaerat voluptatem et omnis. Dolorem aliquid deserunt voluptatibus debitis.', 1, '2018-11-08 19:37:01', '2018-11-08 19:37:01'),
(100, 6, 'Lori O\'Conner', 'Dicta quis ea ea dolor eos. Eaque et cupiditate rerum sunt quia sed. Perferendis eum ea repellat nobis.', 5, '2018-11-08 19:37:01', '2018-11-08 19:37:01'),
(101, 23, 'Libby Emard', 'Ut tenetur et rerum vel est facilis aut. Est ipsa quia nobis ut.', 1, '2018-11-08 19:37:01', '2018-11-08 19:37:01'),
(102, 11, 'Yasmin Kub', 'Culpa laborum nihil officia omnis et. Modi et fuga soluta tenetur odio. Fuga et facilis commodi voluptatem quia est aut. Optio nihil nihil doloremque corrupti aut.', 1, '2018-11-08 19:37:01', '2018-11-08 19:37:01'),
(103, 44, 'Cristopher Rice', 'Quaerat aut alias repellat consequatur. Enim aut quibusdam sit. Vitae quibusdam sunt quibusdam corrupti cum velit. Asperiores voluptatem dolor nostrum pariatur.', 5, '2018-11-08 19:37:01', '2018-11-08 19:37:01'),
(104, 46, 'Rowland Harvey', 'Ut iusto sed magni vel quis magnam. Itaque ut quos minus deleniti ut illo. Tempore earum sit vel nam repellendus quia et illo. Necessitatibus minus et corrupti dolores illo quam.', 1, '2018-11-08 19:37:01', '2018-11-08 19:37:01'),
(105, 43, 'Casandra Witting', 'Ad sit consectetur tenetur ut. Ut qui sint culpa ex ipsa similique fugit. Accusamus veritatis consectetur dolores. Dolores aut et similique non voluptatem temporibus velit.', 0, '2018-11-08 19:37:01', '2018-11-08 19:37:01'),
(106, 33, 'Jonatan Wisozk PhD', 'Veniam eligendi cum modi sit omnis doloribus quo. Ab a aperiam eos velit incidunt quod voluptas. Repudiandae quis voluptatibus dolores est.', 2, '2018-11-08 19:37:01', '2018-11-08 19:37:01'),
(107, 8, 'Shyanne Stamm', 'Ut iure nihil et rerum. Repudiandae ut omnis inventore ut. Corrupti sunt fugiat ut dolorum qui velit.', 4, '2018-11-08 19:37:01', '2018-11-08 19:37:01'),
(108, 40, 'Prof. Adrian Gutkowski III', 'Quia animi aut beatae ratione. Qui quod ut non illum neque eum porro. Aliquam asperiores omnis et voluptas nihil. Voluptate ducimus repudiandae sapiente aut magni.', 1, '2018-11-08 19:37:01', '2018-11-08 19:37:01'),
(109, 21, 'Caleb Haag', 'Mollitia ipsum qui ex magnam. Consequatur impedit reprehenderit aut itaque totam dolore illo. Repellat magni consequatur id maiores nesciunt et.', 2, '2018-11-08 19:37:01', '2018-11-08 19:37:01'),
(110, 17, 'Kaelyn Muller PhD', 'Nihil est et nulla perspiciatis ut quasi. Totam perspiciatis sunt possimus mollitia. Ut pariatur itaque rerum reiciendis id necessitatibus quas. Commodi repellendus quia sed repellat. Et delectus enim dicta eos.', 1, '2018-11-08 19:37:01', '2018-11-08 19:37:01'),
(111, 2, 'Kira Baumbach', 'Quidem a ut occaecati maxime. A dolore sed cum. Cum ut atque magni eum autem autem. Assumenda unde quaerat eaque et omnis dolorum dolorum.', 3, '2018-11-08 19:37:01', '2018-11-08 19:37:01'),
(112, 13, 'Courtney Goodwin', 'Voluptas quia atque et quaerat. Vel minima delectus reiciendis dolorem. Sunt necessitatibus rem beatae dolores qui. Error officiis in quia consectetur optio aut veniam.', 5, '2018-11-08 19:37:01', '2018-11-08 19:37:01'),
(113, 29, 'Prof. Anjali Jakubowski PhD', 'Quo nemo quia consequatur ducimus. Et ipsam aut ad eum. Minima excepturi quia at magnam voluptatem.', 2, '2018-11-08 19:37:01', '2018-11-08 19:37:01'),
(114, 39, 'Frank Abernathy II', 'Sapiente fuga quas consequatur eaque dolorem. Optio alias sequi molestiae et aperiam recusandae iste. Quia rem veniam accusamus aspernatur ratione doloremque.', 5, '2018-11-08 19:37:01', '2018-11-08 19:37:01'),
(115, 24, 'Fiona Lebsack V', 'Quia alias amet et possimus. Et explicabo ratione animi vero tenetur quia rerum. Quisquam cum maxime iusto porro repellendus quo dolorem. Ea iure dolor ea unde in doloremque eveniet.', 3, '2018-11-08 19:37:02', '2018-11-08 19:37:02'),
(116, 35, 'Jayda Paucek', 'Explicabo quia explicabo eligendi dolorum ut quis sed. Beatae exercitationem voluptatem non officiis corrupti. Ipsam suscipit voluptas qui ut. Modi eaque impedit porro ut qui.', 2, '2018-11-08 19:37:02', '2018-11-08 19:37:02'),
(117, 31, 'Saul Kreiger', 'Dolor alias fugit doloremque omnis nihil quos nostrum. Qui culpa eius corrupti natus voluptas quaerat ipsum. Natus aut voluptas cumque recusandae voluptas perferendis non. Aut cum incidunt cumque consequatur labore facilis.', 3, '2018-11-08 19:37:02', '2018-11-08 19:37:02'),
(118, 39, 'Mallory Anderson', 'Tenetur voluptas ea voluptatem blanditiis enim vero. Reiciendis autem assumenda minima dolorum autem. Voluptas voluptas alias aperiam qui et quo.', 0, '2018-11-08 19:37:02', '2018-11-08 19:37:02'),
(119, 23, 'Oleta Satterfield', 'Eius vel autem et rerum. In natus omnis fuga. Itaque voluptate dolore facilis minima. Debitis quae cum molestiae repellat maxime ad hic rem.', 4, '2018-11-08 19:37:02', '2018-11-08 19:37:02'),
(120, 50, 'Dr. Mariela Jacobi', 'Voluptas qui excepturi voluptatem harum reprehenderit. Eum quis eveniet laudantium est quo blanditiis rem. Consequuntur illum repudiandae omnis. Adipisci ut doloremque in cumque.', 5, '2018-11-08 19:37:02', '2018-11-08 19:37:02'),
(121, 2, 'Dr. Sylvester Lind Sr.', 'Nam quia distinctio ut qui qui vel corporis. Pariatur eos ullam deleniti rerum. Voluptatem doloribus beatae suscipit aspernatur. Eius laborum sit nam animi.', 2, '2018-11-08 19:37:02', '2018-11-08 19:37:02'),
(122, 23, 'Mr. Gideon Schultz Jr.', 'Nemo dolor nihil qui. Id debitis et dignissimos voluptas sed magnam suscipit sed. Eos velit id sed et.', 0, '2018-11-08 19:37:02', '2018-11-08 19:37:02'),
(123, 7, 'Miss Shayna Goldner I', 'Odit modi enim debitis hic. Suscipit voluptas sequi quaerat vitae ut eveniet maiores doloribus.', 5, '2018-11-08 19:37:02', '2018-11-08 19:37:02'),
(124, 10, 'Justus O\'Connell', 'Aut in rerum fuga nobis unde beatae. Ratione voluptatum aut odio omnis. Nisi vel natus explicabo sed quia et. Voluptatem aliquid consequatur libero tempora harum voluptate.', 2, '2018-11-08 19:37:02', '2018-11-08 19:37:02'),
(125, 10, 'Mr. Marcelino Stehr MD', 'Maiores qui expedita consequuntur odit. Velit id nesciunt ut. Nam exercitationem tenetur ad et nam aut.', 0, '2018-11-08 19:37:02', '2018-11-08 19:37:02'),
(126, 32, 'Dr. Blanca Schaefer PhD', 'Cum illum ut debitis provident et. Ratione provident corrupti vero sed sint repellendus sed voluptatem. Recusandae similique reiciendis labore est eos corrupti et. Eligendi consequuntur eius dolores odit fuga non.', 5, '2018-11-08 19:37:02', '2018-11-08 19:37:02'),
(127, 43, 'Alfredo Osinski', 'A qui aut veniam nihil ullam. Deserunt maxime officia deleniti ipsum.', 4, '2018-11-08 19:37:02', '2018-11-08 19:37:02'),
(128, 19, 'Korbin Leffler', 'Ea fugiat tempora animi nobis sapiente dolores cumque. Et repudiandae aut illum cupiditate sit aut. At dolorem sit mollitia officia reprehenderit autem molestias recusandae.', 5, '2018-11-08 19:37:02', '2018-11-08 19:37:02'),
(129, 45, 'Dr. Keira Gibson', 'Delectus praesentium animi voluptatibus dolores culpa voluptas ad adipisci. Sed excepturi fugiat qui id sed repellendus quia. Et et quia libero ad laudantium.', 3, '2018-11-08 19:37:02', '2018-11-08 19:37:02'),
(130, 29, 'Madonna Pouros', 'Itaque libero repellat nostrum sed vel earum. Repudiandae explicabo eius inventore magnam consectetur sequi. Omnis eaque dolorem ut saepe commodi rerum. Ut veniam voluptas excepturi beatae rerum eius sapiente. Consequatur in laboriosam dolor aliquam quis ea non exercitationem.', 3, '2018-11-08 19:37:02', '2018-11-08 19:37:02'),
(131, 7, 'Dr. Monty Hickle', 'Cum dolores voluptatem esse enim quos sunt. Qui in dolorem ratione. Nemo officia minima placeat deleniti inventore praesentium voluptatem sequi. Omnis et voluptatibus accusamus soluta fuga voluptates.', 1, '2018-11-08 19:37:02', '2018-11-08 19:37:02'),
(132, 6, 'Dr. Adolfo Jaskolski', 'Et perferendis dolor asperiores necessitatibus. Consequatur nam et perferendis alias minus consectetur. Ut earum rerum qui. Nobis rerum nesciunt et cum.', 2, '2018-11-08 19:37:02', '2018-11-08 19:37:02'),
(133, 6, 'Prof. Sheridan Ortiz', 'Perferendis adipisci quo delectus sequi. Adipisci optio qui et impedit sit. Cupiditate praesentium harum ex.', 1, '2018-11-08 19:37:02', '2018-11-08 19:37:02'),
(134, 29, 'Mrs. Rosetta Runolfsdottir DDS', 'Vitae rerum omnis minus aut est quod nostrum. Magnam minima dolorem eius. At fugiat numquam placeat sed qui tempora molestias quibusdam. Recusandae voluptatem sequi quia vero quidem cum aliquid.', 4, '2018-11-08 19:37:02', '2018-11-08 19:37:02'),
(135, 31, 'Sally Jakubowski', 'Necessitatibus numquam voluptatem asperiores delectus in quas. Rem quas ea quisquam ipsam est doloremque omnis itaque. Laboriosam eius qui repellendus nisi dolores dolores debitis.', 3, '2018-11-08 19:37:02', '2018-11-08 19:37:02'),
(136, 49, 'Kevon Nikolaus', 'Nihil et aut in. Omnis quos ut inventore deserunt. Qui autem molestias aliquam sed vero voluptatum. Iure nam neque excepturi vero magnam debitis.', 3, '2018-11-08 19:37:02', '2018-11-08 19:37:02'),
(137, 8, 'Adriel Welch', 'Enim quibusdam et optio quia rem. Aperiam autem unde laboriosam incidunt.', 5, '2018-11-08 19:37:02', '2018-11-08 19:37:02'),
(138, 21, 'Winona Connelly', 'Et aperiam tenetur placeat qui odit nostrum. Maiores omnis error molestias molestiae. Nesciunt nihil et deleniti dolorum non.', 1, '2018-11-08 19:37:02', '2018-11-08 19:37:02'),
(139, 22, 'Billy Bartell III', 'Excepturi consequatur et ab dolore. Placeat nihil et quidem repellat blanditiis. Quasi est est in atque. Dolorem adipisci quidem sed et.', 3, '2018-11-08 19:37:02', '2018-11-08 19:37:02'),
(140, 9, 'Estevan Fadel', 'Reprehenderit et beatae qui recusandae sed aperiam ut. Ea tempore rerum qui aut. Qui quasi et eaque ratione id illum accusantium.', 2, '2018-11-08 19:37:02', '2018-11-08 19:37:02'),
(141, 14, 'Mr. Haleigh Hagenes V', 'Qui a dolorum consequatur. Nemo eos molestiae ipsam blanditiis. Laudantium consequatur eum voluptatem consequatur quaerat.', 1, '2018-11-08 19:37:02', '2018-11-08 19:37:02'),
(142, 48, 'Mathilde Harber', 'Nam officiis porro et. Totam assumenda quasi voluptatem est sed. Ducimus et adipisci libero maiores rem. Quis minima voluptate velit et consequuntur optio maiores.', 1, '2018-11-08 19:37:02', '2018-11-08 19:37:02'),
(143, 28, 'Katlyn DuBuque', 'Fuga modi explicabo dolorem fuga. Minus illum nostrum aspernatur vel aut molestias incidunt. Quaerat vel nobis enim facere cum.', 4, '2018-11-08 19:37:03', '2018-11-08 19:37:03'),
(144, 24, 'Kaden Lubowitz', 'Quia ipsum deleniti incidunt voluptas temporibus vitae. Voluptatum corrupti dicta quia iste facilis. Necessitatibus nihil quo aut.', 3, '2018-11-08 19:37:03', '2018-11-08 19:37:03'),
(145, 5, 'Dr. Sonya Block', 'Amet commodi ut aut dolores. Sed aperiam provident doloremque enim sint est corrupti. Sapiente tempore assumenda suscipit et quae labore sed. Dolorum voluptates voluptates ut qui qui doloribus.', 3, '2018-11-08 19:37:03', '2018-11-08 19:37:03'),
(146, 20, 'Zachariah Jacobs', 'Impedit earum animi aut excepturi quisquam. Velit cum sequi et est consequuntur ut dignissimos. Excepturi eveniet cumque voluptatem modi recusandae accusantium dolorem.', 0, '2018-11-08 19:37:03', '2018-11-08 19:37:03'),
(147, 31, 'Dr. Twila Walker Sr.', 'Minus ullam nihil distinctio et. Saepe nesciunt asperiores laboriosam explicabo. Aliquam adipisci sint a officiis dolorum. Provident similique eligendi tempora eligendi.', 3, '2018-11-08 19:37:03', '2018-11-08 19:37:03'),
(148, 3, 'Rachael O\'Keefe', 'Praesentium ipsam dolor aliquid facilis quibusdam. Dolorem voluptatem aut dolor optio quibusdam. Occaecati provident libero vel perferendis reprehenderit et veniam sed.', 3, '2018-11-08 19:37:03', '2018-11-08 19:37:03'),
(149, 18, 'Carter Johnson', 'Magni sequi et tempore sint alias nemo est. Eius provident laudantium fugit. Asperiores sit est officiis labore reprehenderit sed. Quae quibusdam veritatis architecto ipsa.', 2, '2018-11-08 19:37:03', '2018-11-08 19:37:03'),
(150, 6, 'Reid Cronin', 'Nemo hic nemo et consequatur. Debitis aspernatur nobis repudiandae.', 0, '2018-11-08 19:37:03', '2018-11-08 19:37:03'),
(151, 48, 'Brooke Nicolas', 'Minus laboriosam eum quia repellat. Sed modi est quas consequatur consequatur dolorum est. Ut voluptatibus aliquam officia commodi animi consequatur voluptatem. Libero corrupti harum nihil in voluptatem illum qui. Aut non sit molestiae sit provident nostrum.', 2, '2018-11-08 19:37:03', '2018-11-08 19:37:03'),
(152, 30, 'Mr. Arely Schiller V', 'Omnis id hic dolor similique maxime animi iure. Ut cumque quam debitis et. Facere sit sint rerum vero. Voluptatem tenetur praesentium velit ex.', 2, '2018-11-08 19:37:03', '2018-11-08 19:37:03'),
(153, 9, 'Kobe Mueller', 'Sed modi ab rerum nobis quos ut suscipit. Est neque numquam possimus perferendis possimus quis minima. Consequatur ut itaque temporibus est et quae.', 5, '2018-11-08 19:37:03', '2018-11-08 19:37:03'),
(154, 15, 'Mr. Bradly Oberbrunner', 'Nam eligendi aliquam nisi magnam. Est ad eum perspiciatis ea provident illo cum. Repellendus facere facilis eum.', 3, '2018-11-08 19:37:03', '2018-11-08 19:37:03'),
(155, 24, 'Dannie Sanford', 'Est qui et optio quod reiciendis. Eos labore accusamus omnis reprehenderit. Dolorum ex pariatur nihil delectus.', 0, '2018-11-08 19:37:03', '2018-11-08 19:37:03'),
(156, 12, 'Summer Cummerata', 'Adipisci nostrum voluptatum est. Earum omnis nihil aspernatur voluptatem. Tempora recusandae pariatur illo quia.', 3, '2018-11-08 19:37:03', '2018-11-08 19:37:03'),
(157, 9, 'Levi Hartmann', 'Accusamus voluptatem amet et aut asperiores quisquam. Ut ut inventore quae asperiores repudiandae possimus. Sed deserunt ex repellat. Eos nihil reprehenderit qui vel accusamus.', 2, '2018-11-08 19:37:03', '2018-11-08 19:37:03'),
(158, 18, 'Mariam Dietrich', 'Impedit quibusdam fugiat sequi ut fuga. Voluptas iusto et qui fuga architecto et. Et consequatur vitae recusandae laboriosam consequuntur.', 2, '2018-11-08 19:37:03', '2018-11-08 19:37:03'),
(159, 48, 'Kaden Collier', 'Inventore labore est dolorem ea numquam. Quae ut tenetur temporibus eveniet cum. Ut asperiores dolorem animi soluta mollitia neque.', 4, '2018-11-08 19:37:03', '2018-11-08 19:37:03'),
(160, 21, 'Kiera Stamm', 'Illo omnis nostrum sunt rerum. Sed placeat et voluptatem. Necessitatibus earum quia alias totam libero.', 0, '2018-11-08 19:37:03', '2018-11-08 19:37:03'),
(161, 7, 'Prof. Abelardo Herman Jr.', 'Aliquid id perspiciatis nemo est labore vitae. Qui velit expedita eligendi sit unde. Similique explicabo et nostrum. Doloribus reiciendis velit odio eos ut asperiores odio.', 5, '2018-11-08 19:37:03', '2018-11-08 19:37:03'),
(162, 29, 'Jonathon Smitham', 'Voluptatem excepturi repellendus molestiae minus. Qui adipisci ea et nemo ut. Odio explicabo voluptatem similique molestiae labore porro porro.', 3, '2018-11-08 19:37:03', '2018-11-08 19:37:03'),
(163, 34, 'Myrtle Spencer', 'Quis qui minima laborum sed consectetur. Minus in quia voluptates officia quia. Ut quibusdam laudantium autem occaecati dolorem velit in ut. Natus aut et perferendis quo molestiae.', 2, '2018-11-08 19:37:03', '2018-11-08 19:37:03'),
(164, 20, 'Isaiah Haag', 'Consequatur necessitatibus magni eos voluptatem illum repellendus asperiores. Deleniti quisquam nisi accusantium placeat. Incidunt porro est veniam accusamus est voluptates ducimus.', 4, '2018-11-08 19:37:03', '2018-11-08 19:37:03'),
(165, 37, 'Kathryne Mante', 'Id qui suscipit sint est quos deserunt. Autem deserunt nulla voluptas quasi quia odio dolorem. Reiciendis dolores saepe ipsam in eaque. Veritatis consectetur debitis fuga similique sit tenetur est.', 2, '2018-11-08 19:37:03', '2018-11-08 19:37:03'),
(166, 31, 'Dr. Monserrat Cole', 'Vel non soluta commodi ratione alias exercitationem illum. Doloribus vero et id autem et deserunt reprehenderit. Omnis corrupti incidunt explicabo non magni ipsum.', 3, '2018-11-08 19:37:03', '2018-11-08 19:37:03'),
(167, 3, 'Jacynthe Marks', 'Ea quia modi non nulla ratione. Temporibus quas praesentium possimus aspernatur ex.', 0, '2018-11-08 19:37:04', '2018-11-08 19:37:04'),
(168, 13, 'Laurine Hermiston IV', 'Cum excepturi eos eum quo. Nostrum velit rerum deserunt incidunt qui. Deserunt aliquam iusto sit labore reiciendis quia.', 3, '2018-11-08 19:37:04', '2018-11-08 19:37:04'),
(169, 16, 'Prof. Marcella Kuhn', 'Dolorem consequuntur libero autem eum eum nihil est. Quo ut ea reprehenderit modi velit recusandae. Aliquid quas culpa ducimus temporibus fugiat. Inventore est suscipit qui eos. Provident adipisci ratione aut corporis.', 5, '2018-11-08 19:37:04', '2018-11-08 19:37:04'),
(170, 47, 'Ms. Mossie Brakus', 'Distinctio et ab eligendi deleniti nihil. Praesentium quas soluta voluptatem illo a aut. Consequatur et labore enim excepturi a natus. Omnis soluta illum rem neque placeat illo facilis vitae. Exercitationem dicta nostrum eos accusamus.', 4, '2018-11-08 19:37:04', '2018-11-08 19:37:04'),
(171, 4, 'Chanelle Bauch III', 'Ullam et dolorem illum molestiae et. Quia beatae qui dolore natus doloribus facilis. Velit esse sint est eaque.', 4, '2018-11-08 19:37:04', '2018-11-08 19:37:04'),
(172, 31, 'Elwin Mayer', 'Totam aliquid praesentium alias magni reprehenderit qui aliquid. Non distinctio vel qui libero molestias. Modi omnis quos ullam aliquid provident voluptatum fuga.', 0, '2018-11-08 19:37:04', '2018-11-08 19:37:04'),
(173, 2, 'Isobel Gusikowski', 'Similique suscipit beatae odio laboriosam et quis perferendis. Libero est dolores voluptas voluptatem qui excepturi amet. Voluptatem dignissimos est a voluptatem. Accusamus vel sed aut.', 1, '2018-11-08 19:37:04', '2018-11-08 19:37:04'),
(174, 12, 'Hester Fritsch', 'Ut voluptatem vero et est officia consequatur officiis. Excepturi et cumque eveniet et saepe. Dolorem quia omnis aut reiciendis quia. Nulla similique soluta tenetur ex sunt distinctio.', 3, '2018-11-08 19:37:04', '2018-11-08 19:37:04'),
(175, 27, 'Deangelo Adams', 'Eum sed soluta repellat ab id ut. Quam modi et aspernatur reiciendis unde maiores in. Natus consequatur qui debitis exercitationem porro enim occaecati. Pariatur et ut amet accusantium.', 4, '2018-11-08 19:37:04', '2018-11-08 19:37:04'),
(176, 49, 'Autumn Berge', 'Exercitationem qui laboriosam aspernatur voluptatem nostrum voluptatum debitis. Voluptates rerum non error assumenda autem et. Quae sit quod ad autem.', 5, '2018-11-08 19:37:04', '2018-11-08 19:37:04'),
(177, 20, 'Prof. Florine Barton', 'Sit veniam dicta aut voluptate quod saepe. Dolorum ut nam itaque porro rerum esse. Nostrum eum minima dolor sint error rerum.', 5, '2018-11-08 19:37:04', '2018-11-08 19:37:04'),
(178, 8, 'Dr. Lilliana Lakin Sr.', 'Unde harum et occaecati quo iste error et. Quisquam doloremque eligendi vel aut eos voluptas.', 2, '2018-11-08 19:37:04', '2018-11-08 19:37:04'),
(179, 40, 'Dr. Carmelo Tillman I', 'Possimus quia quia recusandae ipsam rem et. Esse autem laudantium excepturi et. Eligendi corrupti modi fugiat provident quod et voluptate corrupti. Impedit ratione qui ad non.', 2, '2018-11-08 19:37:04', '2018-11-08 19:37:04'),
(180, 13, 'Misael Waelchi Jr.', 'Et vero dicta at eum vitae necessitatibus. Esse et ab omnis consectetur aut. Dignissimos adipisci delectus exercitationem sed omnis eius architecto ad.', 4, '2018-11-08 19:37:04', '2018-11-08 19:37:04'),
(181, 3, 'Prof. Clark Dicki', 'Voluptatem praesentium voluptatem in in suscipit neque. Eos id tempora unde voluptas. Sed accusantium omnis voluptates nam. Deleniti a fugit ut optio quibusdam.', 1, '2018-11-08 19:37:04', '2018-11-08 19:37:04'),
(182, 22, 'Javon Beier', 'Illum recusandae officiis eaque. Tempore esse distinctio sed animi cupiditate adipisci. Saepe earum provident non molestiae aut amet. Dolores ut aperiam natus nihil modi aut sapiente. Dolor ad amet est reprehenderit.', 5, '2018-11-08 19:37:04', '2018-11-08 19:37:04'),
(183, 27, 'Rodrick Braun', 'Odit est eius debitis eius. Iste sed quae quasi rem et vero in magnam. Rerum et quia dolore quo autem magnam totam. Facilis enim impedit autem.', 4, '2018-11-08 19:37:04', '2018-11-08 19:37:04'),
(184, 20, 'Ena Heidenreich', 'Ea cupiditate magnam sit consequatur error exercitationem. Maxime delectus sint quam perspiciatis facilis. Ipsum soluta vero labore. Ut doloribus delectus deserunt eligendi.', 1, '2018-11-08 19:37:04', '2018-11-08 19:37:04'),
(185, 15, 'Mae Jones', 'Aut minus et quas quae omnis ut. Rem iste voluptate quia et commodi. Fugiat dolorum officiis vitae.', 2, '2018-11-08 19:37:04', '2018-11-08 19:37:04'),
(186, 4, 'Mr. Randy Daugherty', 'Consequatur consequatur nesciunt sit ducimus sint. Dolorum veniam aspernatur rerum laudantium sit aut aut. Commodi nulla quis ut dolorem sit sed. Saepe et ad qui deleniti veritatis.', 1, '2018-11-08 19:37:04', '2018-11-08 19:37:04'),
(187, 47, 'Dr. Brionna Lynch', 'Et optio molestiae atque nisi rerum aliquid voluptatem. Facere dolor numquam vel voluptatem quia. Dolores voluptate nihil quas sunt velit.', 1, '2018-11-08 19:37:04', '2018-11-08 19:37:04'),
(188, 44, 'Kylie Gutkowski', 'Est voluptates et et veritatis velit tempore incidunt reiciendis. Dicta autem dolore adipisci quis cupiditate iste quibusdam suscipit. Quia possimus adipisci placeat accusamus. Sint error vitae porro voluptatem.', 0, '2018-11-08 19:37:04', '2018-11-08 19:37:04'),
(189, 48, 'Pedro Miller', 'Ullam temporibus cum minima. Quo deserunt qui quis quos qui sapiente laborum. Doloremque accusantium eos explicabo repudiandae ducimus harum delectus.', 5, '2018-11-08 19:37:04', '2018-11-08 19:37:04'),
(190, 15, 'Daren Koepp', 'Rerum quaerat aut vero. Ut deleniti molestias amet. Eaque voluptatem culpa autem deleniti aut sequi sunt veniam. Tempora molestiae et similique est ut qui.', 2, '2018-11-08 19:37:04', '2018-11-08 19:37:04'),
(191, 8, 'Mr. Cornelius Cummerata', 'Amet est voluptas quo praesentium dolores. Quisquam voluptatem beatae occaecati et et.', 3, '2018-11-08 19:37:04', '2018-11-08 19:37:04'),
(192, 37, 'Leonor Gorczany', 'Assumenda ipsa ipsum sit. Optio iure est magnam voluptas. Adipisci deserunt saepe commodi vero. Provident adipisci sed est omnis eum dignissimos aut nobis.', 5, '2018-11-08 19:37:05', '2018-11-08 19:37:05'),
(193, 19, 'Brady Prosacco I', 'Error commodi officia recusandae. Architecto aut quisquam dignissimos minus et molestias. Non incidunt aut temporibus. Totam aperiam et nulla minus autem.', 5, '2018-11-08 19:37:05', '2018-11-08 19:37:05'),
(194, 44, 'Mateo Will', 'Temporibus aut excepturi libero dolor eum. Est possimus est non qui. Accusamus velit quidem hic quo in voluptas est. Qui ipsum vel nostrum sit sed perferendis quis. Sed voluptatum voluptas deleniti consequatur aut ea molestias.', 1, '2018-11-08 19:37:05', '2018-11-08 19:37:05'),
(195, 27, 'Darian Powlowski', 'A ipsa cupiditate deleniti quo et ut saepe. Veniam sapiente illo eaque non similique commodi quidem consequatur. Aut vel non porro expedita enim voluptatibus. Ut vero ad rerum fugiat excepturi.', 5, '2018-11-08 19:37:05', '2018-11-08 19:37:05'),
(196, 24, 'Dr. Urban Pagac DDS', 'Quasi laudantium alias dolorum quibusdam et. Dolorum error sit voluptatem dolores possimus optio nisi. Corrupti repudiandae autem cupiditate totam ad. Saepe quisquam ut voluptatem.', 2, '2018-11-08 19:37:05', '2018-11-08 19:37:05'),
(197, 38, 'Beaulah Gorczany', 'Sunt nihil saepe maiores. Provident repellendus explicabo culpa velit cupiditate error cum eaque.', 5, '2018-11-08 19:37:05', '2018-11-08 19:37:05'),
(198, 11, 'Tiara Padberg', 'Voluptas aut vel pariatur autem velit ex cupiditate. Culpa aliquid dolorem voluptatum consequatur sit non. Doloremque atque ut est impedit ab nesciunt rerum. Aperiam dignissimos aliquid perspiciatis dolores in consequatur architecto.', 2, '2018-11-08 19:37:05', '2018-11-08 19:37:05'),
(199, 2, 'Zaria Cole IV', 'Doloremque adipisci unde rerum nam eos doloremque voluptatem est. Error ea consectetur nulla quisquam porro est dicta.', 5, '2018-11-08 19:37:05', '2018-11-08 19:37:05'),
(200, 17, 'Zelda Strosin Jr.', 'Doloremque dolor consequuntur vero nulla nihil magni molestias ea. Et quibusdam atque eaque animi voluptatem.', 5, '2018-11-08 19:37:05', '2018-11-08 19:37:05'),
(201, 40, 'Dane Berge DDS', 'Officiis laboriosam nesciunt voluptatibus commodi. Tempore dolore occaecati id est omnis quaerat quo.', 3, '2018-11-08 19:37:05', '2018-11-08 19:37:05'),
(202, 33, 'Ms. Duane Bradtke III', 'Ut assumenda dicta quaerat dolore eius est dignissimos voluptatum. Illo similique dolorem voluptatem iste excepturi repellat. Expedita repellat consequatur quasi. Ut in repellendus ut quisquam qui qui.', 1, '2018-11-08 19:37:05', '2018-11-08 19:37:05'),
(203, 42, 'Edyth Fahey', 'Cupiditate ea voluptates dolorum assumenda sit odit vel eum. Culpa sunt deserunt beatae qui. Illo cupiditate qui tenetur non. Modi delectus ducimus dicta praesentium.', 0, '2018-11-08 19:37:05', '2018-11-08 19:37:05'),
(204, 19, 'Buster Wyman', 'Eveniet autem officia qui. Non et dignissimos maiores enim quis quos ducimus. Sint inventore voluptatem dolorum. Exercitationem voluptatem dolores doloribus omnis velit sit deserunt.', 1, '2018-11-08 19:37:05', '2018-11-08 19:37:05'),
(205, 33, 'Kurtis Hermiston', 'Placeat rerum sequi praesentium quis illo eligendi. Reprehenderit eius voluptas consequatur illum cum maxime qui. Ipsam ut nulla asperiores aut possimus esse dolorem. Quas voluptate magni esse nihil. Autem aut quasi reiciendis rem.', 1, '2018-11-08 19:37:05', '2018-11-08 19:37:05'),
(206, 41, 'Nya Krajcik I', 'Esse natus vel aliquid neque pariatur accusantium. Eum ea cupiditate id tempore culpa.', 0, '2018-11-08 19:37:05', '2018-11-08 19:37:05'),
(207, 28, 'Juanita Hahn', 'Explicabo consequatur fugit et quam ea fugiat. Molestiae consequuntur dicta officiis. Porro quo ut eos omnis molestiae.', 5, '2018-11-08 19:37:05', '2018-11-08 19:37:05'),
(208, 34, 'Muhammad Wolff', 'Voluptas dolorem quia quo autem et. Placeat a sit a sed amet sit. Voluptatum itaque quisquam totam rerum deserunt est nostrum quam. Ipsa omnis et nam.', 2, '2018-11-08 19:37:05', '2018-11-08 19:37:05'),
(209, 3, 'Princess Block', 'Quo fugit temporibus omnis quia placeat. Labore eum aliquam modi expedita dolor non. Possimus voluptatibus rerum provident adipisci aliquid possimus est non. Laborum est minima aspernatur reprehenderit dolorem in distinctio.', 4, '2018-11-08 19:37:05', '2018-11-08 19:37:05'),
(210, 33, 'Prof. Amie Koch DDS', 'Alias quasi ea ut earum repellendus ut. Esse dolores minima deserunt suscipit. Voluptas repellat dolorem aut vero. Saepe est similique tempore deserunt.', 1, '2018-11-08 19:37:05', '2018-11-08 19:37:05'),
(211, 30, 'Savanna Ebert V', 'Consequatur repellat molestiae nam dolorum non. Facere ipsum nisi laborum vero magni. Qui consequuntur dolores aspernatur ipsam minus adipisci veritatis.', 2, '2018-11-08 19:37:05', '2018-11-08 19:37:05');
INSERT INTO `reviews` (`id`, `product_id`, `customer`, `review`, `star`, `created_at`, `updated_at`) VALUES
(212, 21, 'Reanna Harris', 'Consequuntur placeat sit facere quod non. Fuga consequuntur fuga ut. Quaerat laudantium incidunt laudantium tempore.', 3, '2018-11-08 19:37:05', '2018-11-08 19:37:05'),
(213, 45, 'Ebba Leannon', 'Praesentium minima ipsum ullam sint soluta eaque. Exercitationem reiciendis laudantium dolorem assumenda. Totam consequatur qui soluta saepe asperiores commodi. Architecto aut tenetur nulla aut.', 5, '2018-11-08 19:37:05', '2018-11-08 19:37:05'),
(214, 5, 'Dameon Douglas', 'Omnis rerum natus quia officia vel dolorum sint. Perferendis hic vitae dolor est qui sed. Cumque quo et delectus hic fuga recusandae asperiores. Aut consectetur beatae reprehenderit quos qui.', 0, '2018-11-08 19:37:05', '2018-11-08 19:37:05'),
(215, 41, 'Pierce Abbott', 'Ut aperiam iusto laboriosam tempore id assumenda. Doloremque sed et molestias beatae quia aliquid voluptatem laborum. Qui sequi laudantium adipisci et.', 0, '2018-11-08 19:37:05', '2018-11-08 19:37:05'),
(216, 7, 'Kaitlyn Koelpin', 'Excepturi et nihil reprehenderit ut quis. Aliquam est molestiae dolorem praesentium. Perspiciatis harum maxime non. Sint ut ad hic labore aspernatur.', 0, '2018-11-08 19:37:05', '2018-11-08 19:37:05'),
(217, 19, 'Dr. Thora Bednar IV', 'Quo laboriosam rem molestiae voluptas et placeat. Et totam ex aut nemo molestiae modi. Mollitia tenetur voluptatem tempore omnis rerum inventore quod.', 3, '2018-11-08 19:37:05', '2018-11-08 19:37:05'),
(218, 9, 'Korbin Weber Sr.', 'Non alias eos architecto eligendi repellat odit et cum. Dolores pariatur et dolorem laudantium nobis debitis vel. Odit esse atque iure est. Suscipit eaque quo fugiat corporis.', 1, '2018-11-08 19:37:06', '2018-11-08 19:37:06'),
(219, 15, 'Mr. Savion Jakubowski', 'Aperiam quod quas nam sed animi aut. Harum ut et et quo dolorum numquam doloribus quam. Voluptatem sequi eum sed aut iusto alias. Repellendus praesentium et quos sunt.', 1, '2018-11-08 19:37:06', '2018-11-08 19:37:06'),
(220, 34, 'Ms. Aimee Auer IV', 'Excepturi necessitatibus occaecati incidunt nihil minima possimus ex. Veniam quis sunt voluptatem. Consequatur doloribus veniam magni excepturi.', 1, '2018-11-08 19:37:06', '2018-11-08 19:37:06'),
(221, 46, 'Dangelo Bailey', 'Et commodi et iure vel. Libero repellat ipsam distinctio voluptatum ratione iure voluptate. Architecto rerum eos quisquam in impedit aspernatur itaque. Ut aspernatur voluptatem fugiat eos.', 4, '2018-11-08 19:37:06', '2018-11-08 19:37:06'),
(222, 2, 'Eugenia Waelchi', 'Dolore ut similique quae aut. Accusantium similique consequatur doloremque qui voluptas. Vel magnam ut non itaque velit veritatis.', 5, '2018-11-08 19:37:06', '2018-11-08 19:37:06'),
(223, 22, 'Roselyn Jones', 'Ex velit consectetur eum in et. Culpa perferendis in non eos in. Velit nostrum tempora nisi facilis ipsa velit.', 1, '2018-11-08 19:37:06', '2018-11-08 19:37:06'),
(224, 18, 'Hazle Bauch', 'Dolorem nesciunt praesentium voluptatem corporis temporibus nobis. Quos vel aut repellat ut excepturi rem hic. Tempora est ut iusto in et voluptas dolorem vero. Id corporis et sunt ut ducimus optio sed.', 5, '2018-11-08 19:37:06', '2018-11-08 19:37:06'),
(225, 26, 'Mr. Nat Balistreri DVM', 'Exercitationem consequuntur magnam aut temporibus sit. Provident et veritatis ducimus magni quis voluptatibus quae. Et perferendis maiores architecto adipisci tenetur molestiae.', 0, '2018-11-08 19:37:06', '2018-11-08 19:37:06'),
(226, 24, 'Prof. Tess Jakubowski', 'Expedita similique earum voluptatem est et ut reprehenderit. Quaerat qui culpa eos vitae quis. Sequi voluptatum laboriosam laborum amet officiis praesentium eum. In quia nisi non alias aut.', 4, '2018-11-08 19:37:06', '2018-11-08 19:37:06'),
(227, 37, 'Talon Buckridge', 'Corrupti ut inventore aut voluptas. Iusto sint ullam dolor amet. Magnam voluptatem voluptatibus quo cum veniam autem. Veritatis totam fugit modi animi quam.', 4, '2018-11-08 19:37:06', '2018-11-08 19:37:06'),
(228, 47, 'Kimberly Douglas', 'Assumenda occaecati minima cumque cum. Nemo odio laudantium consectetur dolorem. Est eum distinctio quia vero quidem est. Non perspiciatis ea commodi placeat.', 3, '2018-11-08 19:37:06', '2018-11-08 19:37:06'),
(229, 38, 'Sharon Cronin', 'Cumque iusto consequuntur voluptatum quia iusto occaecati ut. Id voluptatem corporis velit commodi iure. Praesentium nulla est veritatis. Velit sequi est harum quia possimus velit.', 1, '2018-11-08 19:37:06', '2018-11-08 19:37:06'),
(230, 46, 'Andy Little', 'Omnis sint id animi voluptatem aut saepe voluptatem harum. Repellendus expedita eligendi in beatae amet quod.', 2, '2018-11-08 19:37:06', '2018-11-08 19:37:06'),
(231, 38, 'Bertha Wehner', 'Quia reprehenderit sint temporibus qui et eaque iste. Beatae vero quae nam. A quia quis fugiat temporibus et quam. Hic omnis officia illo est reprehenderit rerum.', 3, '2018-11-08 19:37:06', '2018-11-08 19:37:06'),
(232, 17, 'Berenice Towne', 'Occaecati fugiat voluptas doloribus asperiores ipsam omnis. Fugit sapiente voluptas cumque quam in quae. Animi facere itaque inventore voluptate in dolor. Quidem reprehenderit tenetur quia et quidem assumenda.', 0, '2018-11-08 19:37:06', '2018-11-08 19:37:06'),
(233, 30, 'Heber Lehner', 'Atque incidunt quisquam qui dolorem qui fugiat exercitationem expedita. Minima qui rem doloremque fugit et est. Minima vel sapiente quos quae voluptatem aut consequatur. Sit ipsum delectus nisi voluptate nobis.', 2, '2018-11-08 19:37:06', '2018-11-08 19:37:06'),
(234, 14, 'Grayce Satterfield III', 'Ipsum eveniet dolorem qui at. Sed quis sed non earum dolore beatae et. Enim inventore officiis architecto in fugiat ex.', 1, '2018-11-08 19:37:06', '2018-11-08 19:37:06'),
(235, 41, 'Dr. Lucinda Pfannerstill V', 'Vero quo omnis omnis voluptatem et nam. Nihil unde facere praesentium perferendis non sit quas. Hic maiores doloremque consequatur et molestiae delectus in eveniet.', 5, '2018-11-08 19:37:06', '2018-11-08 19:37:06'),
(236, 9, 'Ms. Lolita Waelchi', 'Est ut ab minus recusandae inventore quo architecto. Itaque alias id occaecati dicta. Ea rerum cupiditate aliquid ipsum qui tenetur amet exercitationem.', 3, '2018-11-08 19:37:06', '2018-11-08 19:37:06'),
(237, 25, 'Lilly Ankunding', 'Aut commodi occaecati consequuntur saepe nesciunt quisquam. Et architecto commodi modi dolor nihil maiores maiores. Explicabo iste similique hic eum quas doloremque. Et quam velit neque temporibus odio.', 5, '2018-11-08 19:37:06', '2018-11-08 19:37:06'),
(238, 4, 'Gus Satterfield', 'Enim laboriosam quas vero voluptas dolores enim facere eveniet. Quam natus dicta sunt commodi reiciendis expedita. Id voluptate ullam aut et ab.', 3, '2018-11-08 19:37:06', '2018-11-08 19:37:06'),
(239, 50, 'Paul Dare', 'Consequatur molestias id voluptatem officiis est commodi perspiciatis sit. Exercitationem voluptatem tenetur officia provident eaque omnis qui iusto. Aut dolores quibusdam nobis dolorem odit et ratione dicta.', 3, '2018-11-08 19:37:06', '2018-11-08 19:37:06'),
(240, 42, 'Maya Rowe PhD', 'Quo magnam earum nobis. Dicta aspernatur voluptates rerum esse aliquam expedita. Magni quam eos cum beatae veritatis voluptas ducimus. Quia corrupti quo velit et totam.', 0, '2018-11-08 19:37:06', '2018-11-08 19:37:06'),
(241, 14, 'Dr. Maybelle Wiegand IV', 'Occaecati occaecati quia et dolor accusantium dolor sed. Architecto officiis nemo tempore. Magnam ea veniam veniam.', 2, '2018-11-08 19:37:07', '2018-11-08 19:37:07'),
(242, 23, 'Brycen Fadel', 'Inventore eum at explicabo dolorem distinctio eos. Tempore et est aut. Consequatur similique id recusandae similique minima. Provident harum quod accusamus. Tempore voluptate expedita recusandae.', 3, '2018-11-08 19:37:07', '2018-11-08 19:37:07'),
(243, 50, 'Dr. Cordie Weimann', 'Ipsa corporis nostrum quia quam. Exercitationem id voluptas reiciendis modi. Nam ut quo voluptas magni et veniam. Occaecati voluptatem odio totam nam. Quaerat dolor et est veniam nostrum.', 5, '2018-11-08 19:37:07', '2018-11-08 19:37:07'),
(244, 19, 'Nash Kreiger DDS', 'Dolor molestiae sequi dolores maxime ea ut. Qui cumque rerum ducimus minima quos dicta est. Voluptatum rerum quos in incidunt. Dolorem dolore itaque consequatur ratione maiores doloribus.', 3, '2018-11-08 19:37:07', '2018-11-08 19:37:07'),
(245, 27, 'Kristoffer Feil', 'Sint aut explicabo voluptas. Et sunt odit facilis aliquid a reiciendis occaecati. Labore libero dolores exercitationem enim deleniti reprehenderit non.', 3, '2018-11-08 19:37:07', '2018-11-08 19:37:07'),
(246, 19, 'Prof. Ashleigh Boyle', 'Ut voluptas dolorem expedita esse. Mollitia voluptas aut omnis fuga.', 5, '2018-11-08 19:37:07', '2018-11-08 19:37:07'),
(247, 11, 'Prof. Unique Abbott', 'Qui ut sint repellat molestiae dicta est. Aut voluptatem enim aperiam nihil fuga. Facilis sed ullam eum temporibus dicta vero. Ut dolorem et quaerat quia.', 4, '2018-11-08 19:37:07', '2018-11-08 19:37:07'),
(248, 38, 'Sheldon Hettinger II', 'Optio consequatur optio harum voluptas deserunt. Autem mollitia in aliquam beatae adipisci dicta qui. Mollitia eius quas soluta assumenda quasi distinctio minus. Non aut tempora maxime voluptas doloribus ex ullam.', 2, '2018-11-08 19:37:07', '2018-11-08 19:37:07'),
(249, 46, 'Tatum Lind', 'Et expedita sed tempora nihil quidem. Ratione est minima adipisci vel culpa exercitationem et. Repudiandae fugit temporibus ratione. Error molestias alias quo qui aut.', 4, '2018-11-08 19:37:07', '2018-11-08 19:37:07'),
(250, 40, 'Aurelio Bashirian', 'Tempore sed minima consequatur quos aut. Doloremque aperiam nesciunt et saepe iusto quia aspernatur. Aperiam repellendus dolore id officiis perferendis quos unde.', 3, '2018-11-08 19:37:07', '2018-11-08 19:37:07'),
(251, 23, 'Josefina Torphy', 'Voluptas perspiciatis impedit laborum quod quisquam dolor beatae. Corrupti repellendus praesentium et non esse laudantium necessitatibus asperiores.', 2, '2018-11-08 19:37:07', '2018-11-08 19:37:07'),
(252, 6, 'Rosendo Kessler', 'Eos iste aut est blanditiis minus dolor qui. Laboriosam facilis illo perspiciatis atque.', 2, '2018-11-08 19:37:07', '2018-11-08 19:37:07'),
(253, 15, 'Anastasia Pfeffer', 'Cumque maiores sapiente aperiam eaque rerum. Quia dolorem necessitatibus libero perferendis. Dolorum occaecati ab esse provident qui pariatur laborum.', 3, '2018-11-08 19:37:07', '2018-11-08 19:37:07'),
(254, 44, 'Leila Cormier', 'Sint ratione aut ducimus unde et inventore. Animi reprehenderit et suscipit dolorem itaque aperiam. Ut vero dolorem ipsum. Sit illum nulla vitae doloremque dolorem.', 0, '2018-11-08 19:37:07', '2018-11-08 19:37:07'),
(255, 44, 'Delores Lindgren', 'Maxime quo qui molestiae dignissimos. Et a quos consequatur perspiciatis error molestiae et cupiditate. Vel dolore ex quis voluptates ut.', 3, '2018-11-08 19:37:07', '2018-11-08 19:37:07'),
(256, 46, 'Raleigh Connelly', 'Distinctio est autem id ut omnis incidunt velit. Quibusdam ad dolores eligendi repudiandae. Quia quo aut ducimus consequuntur delectus. Laboriosam fugiat facilis inventore atque eos amet et.', 3, '2018-11-08 19:37:07', '2018-11-08 19:37:07'),
(257, 50, 'Cade Hamill MD', 'Dolor eveniet necessitatibus sed aut earum ipsam. Rerum voluptas explicabo esse iure. Explicabo molestias minima odit aliquam omnis distinctio praesentium.', 5, '2018-11-08 19:37:08', '2018-11-08 19:37:08'),
(258, 39, 'Elmore Kautzer', 'Ut molestiae explicabo eum. Vel cupiditate voluptatem aut est magnam veritatis. Repudiandae hic error ea pariatur. Exercitationem quia perspiciatis adipisci nihil autem voluptatem.', 2, '2018-11-08 19:37:08', '2018-11-08 19:37:08'),
(259, 25, 'Raphael Langworth', 'Fugit libero saepe beatae non rerum. Fugiat excepturi eos eius corporis quia velit. Quia aut consequatur placeat cumque tempora inventore voluptatem quia. Totam voluptas sed eius in non saepe.', 5, '2018-11-08 19:37:08', '2018-11-08 19:37:08'),
(260, 45, 'Ernestine Hoppe', 'Aut vero repellat quod minima a non quae. Nobis accusamus deleniti facere quas illo ratione. Nisi autem architecto et sit ex et.', 3, '2018-11-08 19:37:08', '2018-11-08 19:37:08'),
(261, 5, 'Samanta Fritsch Sr.', 'Magni at et et ex omnis. Quaerat molestiae autem ex ipsam sint. Ducimus aut autem tempore voluptatem.', 0, '2018-11-08 19:37:08', '2018-11-08 19:37:08'),
(262, 3, 'Dr. Vladimir Howell', 'Blanditiis beatae quis non deleniti. Similique enim aperiam cupiditate non. Soluta explicabo et sint quo dolore quis ut. Et sed quia est voluptas est aut rem.', 4, '2018-11-08 19:37:08', '2018-11-08 19:37:08'),
(263, 28, 'Mr. Carson Prosacco I', 'Tenetur odio labore necessitatibus reprehenderit quo doloremque aut. Est ut perferendis nihil voluptas. Aliquid rerum itaque ducimus architecto eaque expedita. Rerum labore hic et doloribus dolorem.', 0, '2018-11-08 19:37:08', '2018-11-08 19:37:08'),
(264, 8, 'Chester Cummerata PhD', 'Nesciunt et nihil saepe nihil quisquam eum cum id. Ut ullam architecto ad et quidem non. Totam voluptas voluptas fugit ut.', 4, '2018-11-08 19:37:08', '2018-11-08 19:37:08'),
(265, 34, 'Arch Keebler', 'Quia odio fugit itaque inventore. Incidunt quos delectus voluptas quia neque non est. Ex alias quo dolor. Exercitationem odit qui assumenda voluptatem nihil est.', 0, '2018-11-08 19:37:08', '2018-11-08 19:37:08'),
(266, 14, 'Tre Koelpin', 'Sunt numquam et architecto ut nostrum quod hic. Libero nulla porro numquam atque ratione. Id ipsum voluptatem sint est nihil ratione ducimus numquam. Aperiam eaque aut est.', 5, '2018-11-08 19:37:08', '2018-11-08 19:37:08'),
(267, 44, 'Madisyn Goldner', 'Nihil dolorem eligendi et consequatur. Corrupti minima assumenda magnam placeat qui. Quis ex excepturi velit totam eius.', 0, '2018-11-08 19:37:08', '2018-11-08 19:37:08'),
(268, 45, 'Art Erdman DDS', 'Dolorem dolores porro aut magni ea. Iure ut voluptates blanditiis autem occaecati accusantium iste reprehenderit. Qui suscipit delectus similique tempora et et consequatur. Quo voluptas quibusdam ex odio.', 0, '2018-11-08 19:37:08', '2018-11-08 19:37:08'),
(269, 25, 'Ulices Murazik', 'Vero nesciunt aliquam veniam quos qui. Velit molestiae facere quod et magni numquam voluptas. Aut occaecati voluptas est voluptatem facere aperiam adipisci.', 4, '2018-11-08 19:37:08', '2018-11-08 19:37:08'),
(270, 24, 'Russel Donnelly', 'Doloremque odit quidem magnam sunt officia labore. Rerum perferendis aut doloribus quis labore numquam iste.', 1, '2018-11-08 19:37:08', '2018-11-08 19:37:08'),
(271, 2, 'Miss Shakira Johns DVM', 'Quidem magnam optio doloribus enim ipsum exercitationem. Sint possimus et quaerat quam provident voluptatem nobis. Sint eos vel ab vero ut aut sunt. Quia eos unde voluptatum consequatur repudiandae iste magni.', 1, '2018-11-08 19:37:08', '2018-11-08 19:37:08'),
(272, 10, 'Raymundo Denesik', 'Autem nihil porro sed unde eaque est suscipit. Quae vero deleniti qui harum nulla. Laborum et ea et dolorem ratione.', 1, '2018-11-08 19:37:08', '2018-11-08 19:37:08'),
(273, 8, 'Gregg Erdman Sr.', 'Quod ut ut ratione magni. Facilis harum minus non facilis omnis quod cumque. Harum ex quaerat nihil vel adipisci enim laboriosam. Natus fuga sequi culpa tenetur quia mollitia consectetur.', 0, '2018-11-08 19:37:08', '2018-11-08 19:37:08'),
(274, 47, 'Mrs. Marguerite Johnson I', 'Fugit et corporis quia quis sequi nobis ut. Nihil et est facilis. Provident magnam neque dolorem officiis veritatis.', 0, '2018-11-08 19:37:08', '2018-11-08 19:37:08'),
(275, 20, 'Dr. Ethelyn Von', 'Recusandae nostrum expedita laboriosam consectetur. Omnis sunt ullam nisi temporibus. Est non voluptatibus sint consequatur earum repellat. Consequuntur quisquam quam natus voluptates quas sint.', 2, '2018-11-08 19:37:08', '2018-11-08 19:37:08'),
(276, 5, 'Dr. Cleo Heller II', 'Est voluptatem maiores omnis molestiae non molestiae officia. Hic officiis harum natus in autem sequi molestiae quas. Repudiandae porro ratione tenetur et odit. Corrupti enim ut eum saepe blanditiis dolor.', 1, '2018-11-08 19:37:08', '2018-11-08 19:37:08'),
(277, 38, 'Prof. Jason Roob', 'Velit ratione aliquam voluptatem numquam facere odit velit consequuntur. Sed at qui debitis quaerat.', 5, '2018-11-08 19:37:09', '2018-11-08 19:37:09'),
(278, 1, 'Dr. Clementine Reilly V', 'Voluptas placeat voluptatem praesentium necessitatibus optio tempore. Molestiae quo a et aut. Dolores esse sed possimus vero est sed minima. Ex quaerat consequatur magni quibusdam quia in.', 4, '2018-11-08 19:37:09', '2018-11-08 19:37:09'),
(279, 42, 'Dr. Roberto Pfeffer Sr.', 'Officiis architecto libero et commodi unde. Quasi eos laborum mollitia reprehenderit nemo quos qui. Distinctio et accusamus voluptatum at quo. Nam consequatur dignissimos corporis ut corrupti.', 1, '2018-11-08 19:37:09', '2018-11-08 19:37:09'),
(280, 31, 'Emile Paucek', 'Accusamus repellendus occaecati illum adipisci quidem voluptatibus aut. Ratione est cum amet in tempora et. Quisquam fugit voluptas sapiente aut exercitationem. Et error quia placeat molestias.', 1, '2018-11-08 19:37:09', '2018-11-08 19:37:09'),
(281, 30, 'Braeden Mohr', 'Molestiae consectetur aliquam aspernatur voluptate numquam. Dolores velit voluptatem recusandae vero. Eius molestiae iste et.', 0, '2018-11-08 19:37:09', '2018-11-08 19:37:09'),
(282, 12, 'Mrs. Cassandra Brekke', 'Quia vel autem quaerat quidem. Ex ipsa laudantium pariatur ad asperiores consectetur et est. Totam delectus delectus tenetur. Rerum est ipsam qui cumque.', 3, '2018-11-08 19:37:09', '2018-11-08 19:37:09'),
(283, 20, 'Dr. Mackenzie Dach', 'Omnis velit expedita est accusantium voluptas voluptatem omnis. Nihil dicta est aut. Aliquam est omnis est reprehenderit. Maxime debitis explicabo ut harum sit.', 1, '2018-11-08 19:37:09', '2018-11-08 19:37:09'),
(284, 49, 'Marlen Crona', 'Dolorem mollitia velit nesciunt explicabo et eos earum. Alias nisi quis dolorem quis qui cum eum. Tempora dicta dicta ipsum soluta nesciunt necessitatibus. Eos ipsum cumque debitis omnis architecto voluptatem molestiae.', 5, '2018-11-08 19:37:09', '2018-11-08 19:37:09'),
(285, 4, 'Kaia Gleason I', 'Eos est pariatur praesentium quo. Aspernatur voluptas nulla repellendus laborum iure praesentium. Blanditiis ipsum ducimus enim quis qui voluptas. Ducimus mollitia temporibus quo voluptatem et voluptatem.', 5, '2018-11-08 19:37:09', '2018-11-08 19:37:09'),
(286, 21, 'Dr. Wilma Wiza III', 'Corporis consequatur alias repudiandae a corrupti. Quia voluptatibus earum doloribus non. Repellat repellendus voluptatum autem vitae.', 5, '2018-11-08 19:37:09', '2018-11-08 19:37:09'),
(287, 11, 'Dr. Gina Lind DVM', 'Amet quo expedita et quia cumque. Unde explicabo provident rem doloremque quos ducimus. Quaerat enim culpa soluta. Similique sunt deleniti reprehenderit qui tempore quidem. Architecto id sed quod.', 0, '2018-11-08 19:37:09', '2018-11-08 19:37:09'),
(288, 5, 'Freddy Reynolds', 'Consequatur omnis eius quaerat atque sed. Odit nihil qui voluptate et.', 1, '2018-11-08 19:37:10', '2018-11-08 19:37:10'),
(289, 17, 'Adolfo Koss', 'Ut dolor nesciunt veritatis ducimus consequatur ea exercitationem. Magnam accusantium asperiores nesciunt. Numquam vitae veniam suscipit aut rem aut sint.', 0, '2018-11-08 19:37:10', '2018-11-08 19:37:10'),
(290, 10, 'Dr. Joe Rice', 'Ad assumenda laborum quos aut voluptatem minus amet. Vel ratione esse eius ad. Laboriosam itaque aut placeat explicabo. Molestias inventore et numquam dolor. Eum sint cupiditate dolores laudantium.', 0, '2018-11-08 19:37:10', '2018-11-08 19:37:10'),
(291, 5, 'Arthur Walsh I', 'Ut quia saepe est. A dolorum vero nihil fugit sapiente odit. Amet quo fugiat laudantium et ut aut.', 5, '2018-11-08 19:37:10', '2018-11-08 19:37:10'),
(292, 18, 'Ms. Lela Christiansen IV', 'Repellat accusamus perspiciatis quasi expedita dolores vitae. Aut quia cupiditate voluptas quisquam. Earum enim saepe sint eius corporis porro consequuntur animi.', 1, '2018-11-08 19:37:10', '2018-11-08 19:37:10'),
(293, 1, 'Ayla Fahey', 'Pariatur odit adipisci quia fuga ut nihil commodi. Quae neque quos beatae atque itaque. Dicta placeat quia dignissimos delectus qui id distinctio.', 5, '2018-11-08 19:37:10', '2018-11-08 19:37:10'),
(294, 27, 'Alfreda Bashirian', 'Dolorem velit laudantium nisi vel omnis libero. Sit et rerum sit et cupiditate. Eum nisi ut nobis placeat.', 2, '2018-11-08 19:37:10', '2018-11-08 19:37:10'),
(295, 16, 'Karen Kozey', 'Temporibus sunt quis veritatis consectetur. Neque dolorem qui voluptas enim quibusdam tempora. Blanditiis et ipsam doloribus provident beatae repellendus rem odit. Asperiores quia sit rem a voluptatem inventore doloremque.', 0, '2018-11-08 19:37:10', '2018-11-08 19:37:10'),
(296, 1, 'Jamil Hudson', 'In dolorum repellat sequi soluta. Fugit eaque amet qui vel ipsum non. Quos occaecati et quibusdam vel. Quaerat quia quos eum.', 0, '2018-11-08 19:37:10', '2018-11-08 19:37:10'),
(297, 10, 'Maribel Schaden Jr.', 'A voluptatum fugiat eum hic corporis sapiente. Minus autem porro natus adipisci. Placeat ut consequatur illo consequatur eveniet iure accusantium. Animi qui rerum sequi sit.', 0, '2018-11-08 19:37:10', '2018-11-08 19:37:10'),
(298, 42, 'Nicolette Steuber', 'Optio provident quasi quibusdam quam voluptatibus consequuntur beatae. Natus est qui repellat numquam dolor incidunt nihil. Et fugiat asperiores qui temporibus accusamus ratione aut.', 5, '2018-11-08 19:37:10', '2018-11-08 19:37:10'),
(299, 35, 'Leopoldo Flatley', 'Qui cum sed quibusdam possimus. Quia veritatis sunt consequatur consequuntur quidem. Et similique ipsam eos consequatur. Qui consequatur iusto tempore est voluptatem dolor.', 5, '2018-11-08 19:37:10', '2018-11-08 19:37:10'),
(300, 33, 'Tanya Mante', 'Consequatur ipsam modi itaque. Quidem velit autem qui quos. Expedita exercitationem aut asperiores nisi. Voluptas officiis explicabo sint.', 1, '2018-11-08 19:37:10', '2018-11-08 19:37:10'),
(301, 45, 'Ankur', 'the best product ever', 4, '2018-11-09 03:10:19', '2018-11-09 03:10:19');

-- --------------------------------------------------------

--
-- Table structure for table `users`
--

CREATE TABLE `users` (
  `id` int(10) UNSIGNED NOT NULL,
  `name` varchar(255) NOT NULL,
  `email` varchar(250) NOT NULL,
  `password` varchar(255) NOT NULL,
  `remember_token` varchar(100) DEFAULT NULL,
  `created_at` timestamp NULL DEFAULT NULL,
  `updated_at` timestamp NULL DEFAULT NULL
) ENGINE=InnoDB DEFAULT CHARSET=utf8;

--
-- Dumping data for table `users`
--

INSERT INTO `users` (`id`, `name`, `email`, `password`, `remember_token`, `created_at`, `updated_at`) VALUES
(1, 'Harvey Turcotte', 'brooklyn.hammes@example.net', '$2y$10$TKh8H1.PfQx37YgCzwiKb.KjNyWgaHb9cbcoQgdIVFlYg7B77UdFm', 'MQRiG2SbkP', '2018-11-08 19:36:53', '2018-11-08 19:36:53'),
(2, 'Evie Torphy', 'okuneva.robb@example.net', '$2y$10$TKh8H1.PfQx37YgCzwiKb.KjNyWgaHb9cbcoQgdIVFlYg7B77UdFm', 'Z0IpWz27pp', '2018-11-08 19:36:53', '2018-11-08 19:36:53'),
(3, 'Mr. Jermey Cassin', 'thiel.webster@example.net', '$2y$10$TKh8H1.PfQx37YgCzwiKb.KjNyWgaHb9cbcoQgdIVFlYg7B77UdFm', '6EBkpfGDZf', '2018-11-08 19:36:53', '2018-11-08 19:36:53'),
(4, 'Rosario Mraz', 'dach.elijah@example.net', '$2y$10$TKh8H1.PfQx37YgCzwiKb.KjNyWgaHb9cbcoQgdIVFlYg7B77UdFm', 'Vk571CAN7t', '2018-11-08 19:36:53', '2018-11-08 19:36:53'),
(5, 'Mr. Emerson Wisozk', 'heidenreich.wayne@example.org', '$2y$10$TKh8H1.PfQx37YgCzwiKb.KjNyWgaHb9cbcoQgdIVFlYg7B77UdFm', 'CK9n1ltdsk', '2018-11-08 19:36:53', '2018-11-08 19:36:53');

--
-- Indexes for dumped tables
--

--
-- Indexes for table `migrations`
--
ALTER TABLE `migrations`
  ADD PRIMARY KEY (`id`);

--
-- Indexes for table `oauth_access_tokens`
--
ALTER TABLE `oauth_access_tokens`
  ADD PRIMARY KEY (`id`),
  ADD KEY `oauth_access_tokens_user_id_index` (`user_id`);

--
-- Indexes for table `oauth_auth_codes`
--
ALTER TABLE `oauth_auth_codes`
  ADD PRIMARY KEY (`id`);

--
-- Indexes for table `oauth_clients`
--
ALTER TABLE `oauth_clients`
  ADD PRIMARY KEY (`id`),
  ADD KEY `oauth_clients_user_id_index` (`user_id`);

--
-- Indexes for table `oauth_personal_access_clients`
--
ALTER TABLE `oauth_personal_access_clients`
  ADD PRIMARY KEY (`id`),
  ADD KEY `oauth_personal_access_clients_client_id_index` (`client_id`);

--
-- Indexes for table `oauth_refresh_tokens`
--
ALTER TABLE `oauth_refresh_tokens`
  ADD PRIMARY KEY (`id`),
  ADD KEY `oauth_refresh_tokens_access_token_id_index` (`access_token_id`);

--
-- Indexes for table `password_resets`
--
ALTER TABLE `password_resets`
  ADD KEY `password_resets_email_index` (`email`);

--
-- Indexes for table `products`
--
ALTER TABLE `products`
  ADD PRIMARY KEY (`id`),
  ADD KEY `products_user_id_index` (`user_id`);

--
-- Indexes for table `reviews`
--
ALTER TABLE `reviews`
  ADD PRIMARY KEY (`id`),
  ADD KEY `reviews_product_id_index` (`product_id`);

--
-- Indexes for table `users`
--
ALTER TABLE `users`
  ADD PRIMARY KEY (`id`),
  ADD UNIQUE KEY `users_email_unique` (`email`);

--
-- AUTO_INCREMENT for dumped tables
--

--
-- AUTO_INCREMENT for table `migrations`
--
ALTER TABLE `migrations`
  MODIFY `id` int(10) UNSIGNED NOT NULL AUTO_INCREMENT, AUTO_INCREMENT=27;

--
-- AUTO_INCREMENT for table `oauth_clients`
--
ALTER TABLE `oauth_clients`
  MODIFY `id` int(10) UNSIGNED NOT NULL AUTO_INCREMENT, AUTO_INCREMENT=3;

--
-- AUTO_INCREMENT for table `oauth_personal_access_clients`
--
ALTER TABLE `oauth_personal_access_clients`
  MODIFY `id` int(10) UNSIGNED NOT NULL AUTO_INCREMENT, AUTO_INCREMENT=2;

--
-- AUTO_INCREMENT for table `products`
--
ALTER TABLE `products`
  MODIFY `id` int(10) UNSIGNED NOT NULL AUTO_INCREMENT, AUTO_INCREMENT=51;

--
-- AUTO_INCREMENT for table `reviews`
--
ALTER TABLE `reviews`
  MODIFY `id` int(10) UNSIGNED NOT NULL AUTO_INCREMENT, AUTO_INCREMENT=302;

--
-- AUTO_INCREMENT for table `users`
--
ALTER TABLE `users`
  MODIFY `id` int(10) UNSIGNED NOT NULL AUTO_INCREMENT, AUTO_INCREMENT=6;

--
-- Constraints for dumped tables
--

--
-- Constraints for table `reviews`
--
ALTER TABLE `reviews`
  ADD CONSTRAINT `reviews_product_id_foreign` FOREIGN KEY (`product_id`) REFERENCES `products` (`id`) ON DELETE CASCADE;
COMMIT;

/*!40101 SET CHARACTER_SET_CLIENT=@OLD_CHARACTER_SET_CLIENT */;
/*!40101 SET CHARACTER_SET_RESULTS=@OLD_CHARACTER_SET_RESULTS */;
/*!40101 SET COLLATION_CONNECTION=@OLD_COLLATION_CONNECTION */;
