-- phpMyAdmin SQL Dump
-- version 4.8.2
-- https://www.phpmyadmin.net/
--
-- Host: 127.0.0.1
-- Generation Time: Sep 24, 2018 at 08:03 AM
-- Server version: 5.5.8-log
-- PHP Version: 7.1.19

SET SQL_MODE = "NO_AUTO_VALUE_ON_ZERO";
SET AUTOCOMMIT = 0;
START TRANSACTION;
SET time_zone = "+00:00";


/*!40101 SET @OLD_CHARACTER_SET_CLIENT=@@CHARACTER_SET_CLIENT */;
/*!40101 SET @OLD_CHARACTER_SET_RESULTS=@@CHARACTER_SET_RESULTS */;
/*!40101 SET @OLD_COLLATION_CONNECTION=@@COLLATION_CONNECTION */;
/*!40101 SET NAMES utf8mb4 */;

--
-- Database: `eapi`
--

-- --------------------------------------------------------

--
-- Table structure for table `migrations`
--

CREATE TABLE `migrations` (
  `id` int(10) UNSIGNED NOT NULL,
  `migration` varchar(255) NOT NULL,
  `batch` int(11) NOT NULL
) ENGINE=InnoDB DEFAULT CHARSET=utf8;

--
-- Dumping data for table `migrations`
--

INSERT INTO `migrations` (`id`, `migration`, `batch`) VALUES
(9, '2014_10_12_000000_create_users_table', 1),
(10, '2014_10_12_100000_create_password_resets_table', 1),
(11, '2018_09_23_082030_create_products_table', 1),
(12, '2018_09_23_082340_create_reviews_table', 1);

-- --------------------------------------------------------

--
-- Table structure for table `password_resets`
--

CREATE TABLE `password_resets` (
  `email` varchar(255) NOT NULL,
  `token` varchar(255) NOT NULL,
  `created_at` timestamp NULL DEFAULT NULL
) ENGINE=InnoDB DEFAULT CHARSET=utf8;

-- --------------------------------------------------------

--
-- Table structure for table `products`
--

CREATE TABLE `products` (
  `id` int(10) UNSIGNED NOT NULL,
  `name` varchar(255) NOT NULL,
  `detail` text NOT NULL,
  `price` double NOT NULL,
  `stock` int(11) NOT NULL,
  `discount` double NOT NULL,
  `created_at` timestamp NULL DEFAULT NULL,
  `updated_at` timestamp NULL DEFAULT NULL
) ENGINE=InnoDB DEFAULT CHARSET=utf8;

--
-- Dumping data for table `products`
--

INSERT INTO `products` (`id`, `name`, `detail`, `price`, `stock`, `discount`, `created_at`, `updated_at`) VALUES
(1, 'non', 'Et commodi porro laboriosam sed cum totam nihil. Voluptas ipsum libero et voluptatibus voluptas nobis. Tempora rerum quae officiis aperiam nesciunt. Quae voluptas ut dolore architecto. Autem dolore sint magni ipsum.', 12, 6, 4, '2018-09-23 22:56:06', '2018-09-23 22:56:06'),
(2, 'corrupti', 'Natus et rerum vitae sint quia sequi. Dolores optio laudantium et voluptas et voluptatem. Ducimus doloremque dignissimos rem suscipit est. Dolor quo incidunt ipsam tempore.', 23, 3, 3, '2018-09-23 22:56:06', '2018-09-23 22:56:06'),
(3, 'dolor', 'Cupiditate recusandae et vel dolorem quos. Est consequatur aut reiciendis dolorem eum ut. Nemo est tempore repellat ut rerum et. Fuga dolores culpa officia.', 76, 8, 3, '2018-09-23 22:56:07', '2018-09-23 22:56:07'),
(4, 'ipsam', 'Dolores nihil aut ipsum. Iure nemo ea consectetur corporis. Quaerat a mollitia sint hic consequuntur.', 78, 5, 4, '2018-09-23 22:56:07', '2018-09-23 22:56:07'),
(5, 'maxime', 'Et eos pariatur saepe officiis ad error dolor. Ex iste ab quis in praesentium.', 41, 4, 5, '2018-09-23 22:56:07', '2018-09-23 22:56:07'),
(6, 'perspiciatis', 'Voluptas quo tempore quisquam consequatur. Hic architecto temporibus voluptatem ipsam perferendis. Aut illum quas ipsam eveniet. Autem rem et magni qui numquam temporibus.', 76, 4, 2, '2018-09-23 22:56:07', '2018-09-23 22:56:07'),
(7, 'commodi', 'Sit omnis omnis dolores cupiditate. Voluptatem magnam voluptate id. Sapiente tenetur distinctio occaecati sit voluptatem. Sint vel molestiae quaerat et.', 33, 0, 8, '2018-09-23 22:56:07', '2018-09-23 22:56:07'),
(8, 'sapiente', 'Quis ratione placeat et consequatur dolorem ut tenetur. Sunt velit labore ut at praesentium dolorum quis. Aut est velit provident rerum.', 92, 5, 2, '2018-09-23 22:56:07', '2018-09-23 22:56:07'),
(9, 'quo', 'Nisi ut unde in omnis. Aperiam rerum tempora officia repellat voluptatibus ut. Nulla sit a tempora aut ipsam et non.', 74, 5, 8, '2018-09-23 22:56:07', '2018-09-23 22:56:07'),
(10, 'maxime', 'Omnis culpa numquam quia illo aperiam. Sunt sit sint quis est.', 21, 0, 7, '2018-09-23 22:56:07', '2018-09-23 22:56:07'),
(11, 'dolor', 'Assumenda explicabo totam sint perspiciatis. Molestiae perferendis non quo non.', 65, 5, 8, '2018-09-23 22:56:07', '2018-09-23 22:56:07'),
(12, 'ut', 'Consequuntur esse sapiente illo ratione. Eius esse natus exercitationem et dicta. Natus temporibus architecto fugiat illo nihil.', 59, 1, 6, '2018-09-23 22:56:07', '2018-09-23 22:56:07'),
(13, 'soluta', 'Exercitationem provident aut quia velit rem occaecati. Quia impedit sunt qui sit velit neque iure fuga. Distinctio in voluptatem et id repellendus. Eveniet cupiditate et quisquam et quia voluptatem voluptas odio. Velit enim nihil nisi similique rem.', 84, 3, 5, '2018-09-23 22:56:07', '2018-09-23 22:56:07'),
(14, 'sunt', 'Porro ducimus doloribus et sunt sed repellendus omnis quisquam. Alias rerum eum accusamus et quia ipsum esse. Rerum est est eos voluptatem libero. Quod inventore doloribus ea excepturi enim eius. Doloribus voluptatem qui dolorem sed beatae.', 42, 5, 9, '2018-09-23 22:56:07', '2018-09-23 22:56:07'),
(15, 'dicta', 'Quasi voluptas voluptates delectus officia. Aliquam ut qui illum aut voluptatum suscipit. Repellat pariatur non natus sed est voluptatibus soluta.', 58, 1, 7, '2018-09-23 22:56:07', '2018-09-23 22:56:07'),
(16, 'dolore', 'Odit in eius dicta eum saepe. Quo et explicabo labore accusantium qui omnis facere. Sapiente ut debitis voluptas rerum. Corrupti odit provident incidunt saepe velit accusantium aut.', 43, 4, 3, '2018-09-23 22:56:07', '2018-09-23 22:56:07'),
(17, 'iste', 'Quisquam est distinctio nostrum ratione. Officiis laborum sint ex deserunt voluptatem eum. Incidunt fugiat fugiat et et quia eius.', 59, 5, 6, '2018-09-23 22:56:07', '2018-09-23 22:56:07'),
(18, 'aliquam', 'Architecto sunt rerum veritatis mollitia molestiae est maiores. Necessitatibus debitis dolores reiciendis. Odit dolorum voluptate commodi itaque dolores autem.', 26, 9, 6, '2018-09-23 22:56:08', '2018-09-23 22:56:08'),
(19, 'expedita', 'Illum recusandae deserunt molestiae dolor sapiente. Quia maxime aut officia eum ipsam sit. Est labore nulla alias eligendi. Est neque eius nesciunt alias in vero et.', 88, 1, 2, '2018-09-23 22:56:08', '2018-09-23 22:56:08'),
(20, 'ut', 'Sapiente optio dolores laborum molestiae. Autem et excepturi nobis repellat animi nihil. Est sed dolores eum qui aut aperiam.', 24, 8, 5, '2018-09-23 22:56:08', '2018-09-23 22:56:08'),
(21, 'est', 'Assumenda cumque consequuntur non velit. Dolores accusantium atque aspernatur consequuntur laborum. Officiis placeat nisi rerum laborum et sunt.', 69, 2, 7, '2018-09-23 22:56:08', '2018-09-23 22:56:08'),
(22, 'omnis', 'At inventore voluptatum perspiciatis non numquam sapiente. Culpa voluptatem minus laborum provident illum. Doloremque aspernatur quos molestias incidunt et. Sed et adipisci modi sit aspernatur modi.', 75, 1, 2, '2018-09-23 22:56:08', '2018-09-23 22:56:08'),
(23, 'rem', 'Perspiciatis ullam pariatur accusamus illum quasi consequatur. Ut ipsum possimus fugiat dolorem autem. Et molestiae omnis officia. Praesentium quos saepe architecto magnam magni et pariatur.', 96, 7, 8, '2018-09-23 22:56:08', '2018-09-23 22:56:08'),
(24, 'sunt', 'Aut omnis a quia ut cumque corporis tempora vel. Ullam non tenetur deserunt voluptatem est est esse voluptas. Labore dolores autem amet ipsam harum est voluptatum tenetur. Incidunt numquam qui recusandae quaerat voluptatem consequatur.', 80, 3, 5, '2018-09-23 22:56:08', '2018-09-23 22:56:08'),
(25, 'odio', 'A totam repudiandae enim dolores voluptatibus ratione assumenda delectus. Aliquam non id alias quae perferendis consequuntur et. Similique nam rerum maiores laborum aliquam minima eaque inventore. Dolor ut qui saepe corrupti optio ut voluptatem sint.', 75, 1, 2, '2018-09-23 22:56:08', '2018-09-23 22:56:08'),
(26, 'architecto', 'Natus quidem qui voluptatem quia sed. Omnis mollitia et cupiditate quod. Fugiat exercitationem veniam eos nisi aut quasi. Voluptatem rem neque consequuntur et quam. Accusantium temporibus placeat est doloribus sint laudantium.', 11, 3, 8, '2018-09-23 22:56:08', '2018-09-23 22:56:08'),
(27, 'eos', 'Itaque natus odit et ea modi deserunt quod. Molestiae atque occaecati similique nulla possimus. Cupiditate fuga impedit nulla quas. Earum voluptatem porro repudiandae iste voluptas. Est laborum maiores consectetur enim.', 72, 4, 7, '2018-09-23 22:56:08', '2018-09-23 22:56:08'),
(28, 'sit', 'Occaecati voluptatibus repellendus voluptatibus exercitationem laboriosam exercitationem nam unde. Quia nulla natus et eveniet aliquid voluptatem. Laborum autem sed minus et praesentium similique excepturi.', 23, 8, 9, '2018-09-23 22:56:08', '2018-09-23 22:56:08'),
(29, 'sapiente', 'Molestiae deserunt recusandae et autem ipsa eveniet saepe. Animi voluptates dolorem quis reprehenderit officia aut doloribus. Rerum nihil dolorem mollitia id ut tempora. Qui placeat eum accusamus quis quidem optio quasi.', 84, 3, 2, '2018-09-23 22:56:08', '2018-09-23 22:56:08'),
(30, 'velit', 'Totam quod hic ab commodi sed. Asperiores laboriosam eos consectetur. Sed ut tenetur amet mollitia voluptatibus perferendis. Quisquam reiciendis quis alias nisi voluptates.', 77, 2, 2, '2018-09-23 22:56:09', '2018-09-23 22:56:09'),
(31, 'dolor', 'Quas cupiditate quo autem autem impedit consequatur hic aperiam. Vel fugiat beatae quo nulla quia non.', 73, 6, 9, '2018-09-23 22:56:09', '2018-09-23 22:56:09'),
(32, 'consequatur', 'A molestias non adipisci temporibus adipisci ab est. Ipsam consequuntur quis rerum dolor. Eaque necessitatibus officia dolores. Tenetur doloremque molestiae ea illum vero deserunt.', 71, 6, 4, '2018-09-23 22:56:09', '2018-09-23 22:56:09'),
(33, 'debitis', 'Consequuntur reprehenderit quam aut laboriosam. Molestiae voluptates minima libero occaecati. Commodi suscipit libero voluptatem assumenda laudantium tempore fugiat repudiandae. Harum voluptas voluptatibus optio necessitatibus.', 39, 3, 6, '2018-09-23 22:56:09', '2018-09-23 22:56:09'),
(34, 'suscipit', 'Magni ipsam sit minus et impedit. Doloremque quo molestias perspiciatis dolores qui laudantium. Nobis tempora et sequi voluptatibus illum. Quos illum laborum dolorem.', 40, 0, 2, '2018-09-23 22:56:09', '2018-09-23 22:56:09'),
(35, 'non', 'Aliquid ducimus consequuntur qui minus explicabo alias. Eaque et dicta provident quis sit et quidem. Facere quas unde corporis temporibus et inventore nostrum quae. Corporis laborum perferendis iure earum.', 77, 7, 7, '2018-09-23 22:56:09', '2018-09-23 22:56:09'),
(36, 'sint', 'Doloremque doloremque aut omnis reiciendis et perferendis. Nemo ducimus maiores voluptas non quo laudantium. At omnis vitae et ducimus molestiae voluptas laborum. Eum et itaque et voluptate blanditiis.', 44, 8, 9, '2018-09-23 22:56:09', '2018-09-23 22:56:09'),
(37, 'aut', 'Voluptas rerum eaque minima error sed repellat tenetur sunt. Ex necessitatibus ab facere repellendus placeat. Enim deserunt dolorum voluptatem accusamus earum quia. Exercitationem minima quam minus enim quam id dolores.', 46, 4, 9, '2018-09-23 22:56:09', '2018-09-23 22:56:09'),
(38, 'adipisci', 'Consequatur natus dolores perspiciatis repellat voluptatibus dolores dolor omnis. Qui magnam reprehenderit quas laudantium voluptatibus aspernatur. Dolores animi fugiat est quasi provident. Aperiam voluptatum a nihil non ab recusandae eum expedita.', 60, 9, 9, '2018-09-23 22:56:09', '2018-09-23 22:56:09'),
(39, 'omnis', 'Eveniet fuga nulla non animi vitae enim eligendi aut. Aut totam repellendus qui qui molestias. Aut tempore et hic officiis. Inventore est ad eum error deserunt et.', 85, 1, 8, '2018-09-23 22:56:10', '2018-09-23 22:56:10'),
(40, 'excepturi', 'Sed vel ex quibusdam odit dolorum eos velit. Incidunt suscipit sint ipsa voluptatem. Rem ea voluptatem esse tempore fugiat sed. Repellat enim ut consequatur sed tempore ut. Aut nihil est est laborum nihil voluptates rerum.', 66, 0, 6, '2018-09-23 22:56:10', '2018-09-23 22:56:10'),
(41, 'voluptatem', 'Explicabo asperiores omnis veritatis ratione velit quidem nemo. Eius quasi est aut ad cum. Dolorum tenetur veniam non molestiae. Est non qui adipisci maiores quis.', 18, 3, 5, '2018-09-23 22:56:10', '2018-09-23 22:56:10'),
(42, 'quia', 'Accusantium qui qui vel consectetur soluta molestias. Eos voluptatem tempora voluptatem repellat. Et facere quam odit assumenda ut. Non vel quibusdam numquam fuga. Eligendi maiores rem quos sit.', 60, 3, 9, '2018-09-23 22:56:10', '2018-09-23 22:56:10'),
(43, 'illum', 'Ut in dolor laborum enim nihil reiciendis id. Ad perspiciatis atque ut sunt aut assumenda quis. Eveniet unde porro eveniet aliquid id molestiae.', 95, 3, 8, '2018-09-23 22:56:10', '2018-09-23 22:56:10'),
(44, 'aliquid', 'Nihil explicabo et qui veritatis sapiente velit voluptate. Nihil iure unde explicabo non atque. Soluta debitis molestiae laboriosam ea laboriosam qui numquam blanditiis. Vel voluptatum libero natus ratione et et omnis sunt.', 75, 4, 9, '2018-09-23 22:56:10', '2018-09-23 22:56:10'),
(45, 'sed', 'Debitis soluta est qui consequatur omnis velit omnis. Et qui molestiae impedit reprehenderit et earum. Quae ut labore iure odio voluptatibus eos.', 71, 7, 6, '2018-09-23 22:56:10', '2018-09-23 22:56:10'),
(46, 'id', 'A aut et repudiandae. Ea voluptatem est consequuntur eum. Pariatur sequi blanditiis aut dolore qui aut eveniet quaerat. Quod porro facilis et ea quasi vel.', 25, 3, 7, '2018-09-23 22:56:10', '2018-09-23 22:56:10'),
(47, 'officia', 'Et totam aut eum repellat sunt quo corrupti atque. Voluptas velit omnis ullam odit voluptate. Numquam soluta dignissimos culpa in labore reiciendis consequatur. Nemo quasi incidunt cumque aut totam qui labore consequuntur. Velit rem et autem nisi.', 19, 1, 9, '2018-09-23 22:56:10', '2018-09-23 22:56:10'),
(48, 'consequatur', 'Impedit laudantium eligendi iste et deserunt. Numquam neque sit exercitationem quos unde sequi. Et et officia voluptatem quibusdam rerum illo. Ex ea culpa praesentium molestiae quis.', 95, 2, 7, '2018-09-23 22:56:10', '2018-09-23 22:56:10'),
(49, 'esse', 'Qui dicta unde sed suscipit voluptas eum corrupti. Quasi quo minus consequuntur sequi. Nobis consequuntur id vero consequatur totam eum voluptatem.', 50, 1, 6, '2018-09-23 22:56:10', '2018-09-23 22:56:10'),
(50, 'ut', 'Sed doloribus asperiores aut aperiam quia. Placeat quasi quo molestiae dignissimos eos. Omnis aliquid odit magni quibusdam explicabo labore velit iste. Molestiae ipsum accusamus libero et dolorum sunt eveniet.', 70, 4, 5, '2018-09-23 22:56:10', '2018-09-23 22:56:10');

-- --------------------------------------------------------

--
-- Table structure for table `reviews`
--

CREATE TABLE `reviews` (
  `id` int(10) UNSIGNED NOT NULL,
  `product_id` int(10) UNSIGNED NOT NULL,
  `customer` varchar(255) NOT NULL,
  `review` text NOT NULL,
  `star` int(11) NOT NULL,
  `created_at` timestamp NULL DEFAULT NULL,
  `updated_at` timestamp NULL DEFAULT NULL
) ENGINE=InnoDB DEFAULT CHARSET=utf8;

--
-- Dumping data for table `reviews`
--

INSERT INTO `reviews` (`id`, `product_id`, `customer`, `review`, `star`, `created_at`, `updated_at`) VALUES
(1, 42, 'Kylie Tromp PhD', 'Qui minus quam laudantium laboriosam ea. Asperiores tempore aspernatur voluptas porro quisquam numquam. Facilis ad sint dolor ut occaecati quisquam id. Qui officia recusandae error omnis et magnam.', 3, '2018-09-23 22:56:11', '2018-09-23 22:56:11'),
(2, 8, 'Miss Litzy Hill', 'Ut quia repellat ut nam. Et architecto nisi dolores commodi sint magni aliquid a. Omnis qui voluptatem repudiandae ducimus ut inventore. Est officiis autem ullam doloremque reprehenderit adipisci cumque.', 1, '2018-09-23 22:56:11', '2018-09-23 22:56:11'),
(3, 35, 'Ms. Letitia Collier I', 'Impedit doloremque nesciunt consectetur nam sint vero ea. Recusandae iusto ut officia. Sequi velit quos hic consectetur nesciunt architecto sunt quod.', 4, '2018-09-23 22:56:11', '2018-09-23 22:56:11'),
(4, 32, 'Mikel Schneider', 'Sequi iusto incidunt tenetur commodi et quia. Repudiandae delectus asperiores consequuntur quia laboriosam minima et. Aut magnam tempora commodi labore molestiae. Ullam vel deserunt voluptate aut omnis et qui. Quis aut corporis cumque quo ab.', 1, '2018-09-23 22:56:11', '2018-09-23 22:56:11'),
(5, 11, 'Katlynn Hamill', 'Laboriosam voluptatem sed ducimus. Debitis perspiciatis cumque temporibus corrupti. Ut quia odio sunt. Ut consequatur culpa suscipit exercitationem vero odio sint dolorem.', 1, '2018-09-23 22:56:11', '2018-09-23 22:56:11'),
(6, 20, 'Prof. Jaycee Brakus DDS', 'Fugit sint totam fugiat neque et. Sit repellendus dolores ut delectus. Ut temporibus voluptatem ut ipsam.', 0, '2018-09-23 22:56:12', '2018-09-23 22:56:12'),
(7, 38, 'Dr. Jayde Haley PhD', 'Praesentium quis sint quo. Beatae eum voluptatem omnis. Ad consequuntur quia sed recusandae inventore ratione.', 5, '2018-09-23 22:56:12', '2018-09-23 22:56:12'),
(8, 4, 'Mr. Melany Hahn DVM', 'Dolore delectus rerum ab aut. Quia magnam odit rerum soluta dolorem. Sequi sed quae a id laudantium.', 0, '2018-09-23 22:56:12', '2018-09-23 22:56:12'),
(9, 33, 'Helga Braun DVM', 'Laudantium quidem excepturi aut libero delectus iure cumque. Qui provident fuga modi voluptate. Alias impedit necessitatibus qui qui. Itaque dolor reprehenderit a voluptatem sed aspernatur. Nostrum amet accusantium vero.', 2, '2018-09-23 22:56:12', '2018-09-23 22:56:12'),
(10, 31, 'Nicholaus Mueller I', 'Harum dolor qui sunt minus provident reiciendis. Ut nesciunt quis qui cupiditate et qui.', 0, '2018-09-23 22:56:12', '2018-09-23 22:56:12'),
(11, 22, 'Caesar Heaney', 'In rem similique est ipsa. Vero ut ipsa sit. Dolorem harum dolorem aut libero delectus.', 4, '2018-09-23 22:56:12', '2018-09-23 22:56:12'),
(12, 36, 'Marlee Rogahn', 'Ut veniam eos et nisi nemo eius. Quia odit porro quidem quod est sit ut. Omnis doloribus molestiae saepe.', 3, '2018-09-23 22:56:12', '2018-09-23 22:56:12'),
(13, 12, 'Joany O\'Conner PhD', 'Ipsum perspiciatis corrupti culpa esse inventore. Culpa aspernatur mollitia tempora impedit recusandae eos. Harum fuga et veritatis qui autem deleniti.', 2, '2018-09-23 22:56:12', '2018-09-23 22:56:12'),
(14, 14, 'Erik Muller', 'Corrupti id accusamus ab nihil accusamus facilis. Ad qui id quibusdam inventore. Exercitationem autem enim ut et possimus. Sint facilis sit temporibus ut sit dicta. Labore facere eaque velit aut saepe sit.', 5, '2018-09-23 22:56:12', '2018-09-23 22:56:12'),
(15, 17, 'Joan Franecki III', 'Ut ad excepturi maiores explicabo omnis perspiciatis. Magni tempore recusandae libero voluptatem accusantium. Adipisci est amet est.', 2, '2018-09-23 22:56:12', '2018-09-23 22:56:12'),
(16, 3, 'Kelton Hudson Jr.', 'Voluptatibus ex tempore dolores voluptas. Facilis id totam ea. Accusantium dignissimos corporis reprehenderit autem qui. Ut perferendis consequatur placeat ipsam.', 4, '2018-09-23 22:56:12', '2018-09-23 22:56:12'),
(17, 34, 'Kade Herman', 'Quae dolor velit quia excepturi. Sunt vero soluta ad pariatur deserunt. Esse numquam consequatur libero. Quo facilis optio tenetur id eligendi ut et.', 2, '2018-09-23 22:56:12', '2018-09-23 22:56:12'),
(18, 33, 'Gus Terry', 'Quia ipsum excepturi hic corporis. Aliquam placeat vitae dolor exercitationem sunt totam ut natus. Dicta esse laudantium corrupti et dolores voluptatibus quisquam qui. Quam blanditiis sint laudantium quibusdam.', 0, '2018-09-23 22:56:12', '2018-09-23 22:56:12'),
(19, 38, 'Miss Donna Jast', 'Ex voluptas necessitatibus in repellendus illum. Reiciendis dolorem id eveniet tenetur. Labore repudiandae ipsam debitis quod dolores velit accusantium.', 0, '2018-09-23 22:56:12', '2018-09-23 22:56:12'),
(20, 49, 'Miss Olga Muller', 'Consequatur rerum repellendus cumque quam nemo. Repudiandae ea omnis unde sequi fugiat necessitatibus. Facere aliquam quia sunt dolor.', 1, '2018-09-23 22:56:12', '2018-09-23 22:56:12'),
(21, 27, 'Prof. Ferne Wiegand', 'Cum eum sint soluta repellendus error omnis accusamus. Nesciunt dolores pariatur rerum itaque. Debitis illum in quo enim cum molestiae.', 3, '2018-09-23 22:56:13', '2018-09-23 22:56:13'),
(22, 13, 'Timmothy Thompson DVM', 'Voluptas necessitatibus nemo vel molestiae quisquam sequi. Porro molestiae repellat est et quos rerum qui. Libero distinctio optio voluptatem consequatur optio.', 5, '2018-09-23 22:56:13', '2018-09-23 22:56:13'),
(23, 36, 'Miss Martina Waelchi I', 'Non aperiam et velit pariatur et non. Nisi aut et ratione. Quia optio animi ut dicta vero veritatis.', 2, '2018-09-23 22:56:13', '2018-09-23 22:56:13'),
(24, 18, 'Solon Funk', 'Ea dolor quo voluptas saepe fugit. Est eaque eum quo facere. Est eum non commodi perspiciatis.', 0, '2018-09-23 22:56:13', '2018-09-23 22:56:13'),
(25, 10, 'Mr. Jamison Jacobson DVM', 'Aperiam sit id ut repellat. Veniam qui assumenda magnam quod. Quis odit dicta quas et magnam.', 1, '2018-09-23 22:56:13', '2018-09-23 22:56:13'),
(26, 8, 'Brando Harvey', 'Tempore ut illo inventore. Blanditiis quisquam alias qui quo qui voluptatem illo.', 0, '2018-09-23 22:56:13', '2018-09-23 22:56:13'),
(27, 6, 'Wade Wisozk III', 'Quam modi expedita error molestiae sint qui. Ullam id nulla officia veniam et est et. In pariatur magni maiores. Quaerat consequatur et voluptatem ex nihil omnis.', 2, '2018-09-23 22:56:13', '2018-09-23 22:56:13'),
(28, 17, 'Alexandre Greenholt', 'Doloremque ut sint omnis voluptates praesentium distinctio. Omnis qui consequatur officia nam. Doloribus aut adipisci tenetur sunt neque voluptas est. Error accusantium itaque quasi voluptate.', 3, '2018-09-23 22:56:13', '2018-09-23 22:56:13'),
(29, 46, 'Roy Gleason MD', 'Dolores enim illum ex quos aut libero est. Est aut facilis eum voluptatem enim quibusdam aut error. Quisquam reprehenderit autem cum quibusdam.', 3, '2018-09-23 22:56:13', '2018-09-23 22:56:13'),
(30, 32, 'Prof. Helmer Greenfelder III', 'Voluptatibus vero voluptatem quia harum aut. Sit doloribus ducimus numquam maiores distinctio commodi aut. Dignissimos autem et laboriosam omnis possimus mollitia. Molestias quae autem et sint alias voluptatum repellat.', 1, '2018-09-23 22:56:13', '2018-09-23 22:56:13'),
(31, 46, 'Pattie Kling', 'Dolor iste numquam iure dolor explicabo occaecati repellendus. Deleniti voluptatum eum ut ut omnis facilis ad. Ipsa necessitatibus qui aut quidem repudiandae ipsa rem. Magnam quibusdam quaerat labore corrupti.', 5, '2018-09-23 22:56:13', '2018-09-23 22:56:13'),
(32, 40, 'Antwon Hand', 'Ullam est accusantium itaque corrupti ut id. Quos consequatur modi voluptatibus ipsum in nobis veniam eos. Minus temporibus ipsum magnam vero repellat minima impedit libero. Ut quia corporis eaque aut dolores.', 3, '2018-09-23 22:56:13', '2018-09-23 22:56:13'),
(33, 32, 'Dr. Alverta Considine', 'Et possimus asperiores odio blanditiis dolores repellat. Non omnis dolorum ut aut est blanditiis nam. Et ipsa veritatis eligendi in quas nemo qui. Voluptas consequatur ea et autem rerum alias.', 3, '2018-09-23 22:56:13', '2018-09-23 22:56:13'),
(34, 32, 'Daphnee Romaguera', 'Odio repellendus dolorum sed molestias velit iusto voluptas. Sed assumenda ratione eligendi odio. Optio et expedita possimus rem odio.', 2, '2018-09-23 22:56:13', '2018-09-23 22:56:13'),
(35, 1, 'Sage McDermott', 'Maxime natus quis voluptatem id. Eos quasi deserunt recusandae hic explicabo aut nesciunt. Dolores dolorum molestiae magni libero impedit corrupti est.', 3, '2018-09-23 22:56:13', '2018-09-23 22:56:13'),
(36, 32, 'Diamond Hickle', 'Quibusdam consequatur est et vitae. Voluptatum similique repellendus rerum sed. Ex et dicta deserunt neque ducimus. Excepturi non possimus est molestiae.', 3, '2018-09-23 22:56:14', '2018-09-23 22:56:14'),
(37, 28, 'Dr. Osvaldo Collins', 'In occaecati non accusamus dignissimos. Delectus omnis eos sed. Sit est veniam debitis odit consectetur voluptatem. Veniam doloribus natus similique autem voluptas.', 4, '2018-09-23 22:56:14', '2018-09-23 22:56:14'),
(38, 26, 'Rosalyn Prohaska', 'Qui et et officia velit ut et sequi. Eius quis est sequi tempore tempora libero aperiam. Ea corporis et repellat porro impedit totam. Tenetur sequi tempore quo et.', 5, '2018-09-23 22:56:14', '2018-09-23 22:56:14'),
(39, 36, 'Mrs. Alba Hickle', 'Porro sit quia sit voluptates voluptatum voluptates. Dignissimos ut quia ea culpa. Veniam nihil dolorum suscipit sit excepturi. Eaque esse ex eius nisi ea. Alias rerum velit quidem aut consequuntur corporis.', 0, '2018-09-23 22:56:14', '2018-09-23 22:56:14'),
(40, 6, 'Claudine Swift', 'Eius doloremque ut quia reiciendis. Tempore quas dolorem minima nihil. Perferendis fugit quia voluptatum ipsum tenetur commodi maxime quaerat.', 1, '2018-09-23 22:56:14', '2018-09-23 22:56:14'),
(41, 24, 'Alden Bruen Sr.', 'Et rerum incidunt similique at qui cupiditate. Atque repudiandae rerum consequuntur vel voluptas facere. Voluptatem quia qui omnis et sint est rerum. A dolores dolorem ea praesentium.', 1, '2018-09-23 22:56:14', '2018-09-23 22:56:14'),
(42, 23, 'Miss Iva Swift', 'Dolorum excepturi ipsam beatae vitae. Ipsa perspiciatis consectetur vero optio praesentium corrupti. Ipsam qui odit quia facilis quia odit eveniet non. Dicta esse quam a enim eos ut.', 3, '2018-09-23 22:56:14', '2018-09-23 22:56:14'),
(43, 6, 'Marcelle Muller', 'Dolor et totam reprehenderit. Et sed dicta qui laboriosam nemo aut vero eveniet. Exercitationem sit sapiente ipsam dolorum laudantium maxime nihil repellendus. Et excepturi non illum qui necessitatibus quasi consectetur adipisci.', 5, '2018-09-23 22:56:14', '2018-09-23 22:56:14'),
(44, 38, 'Owen Harvey', 'Reiciendis ut dicta omnis dolor nulla accusamus. Nisi enim culpa sed commodi. Ad blanditiis facere laudantium tempora rerum modi delectus. Quas commodi distinctio velit voluptatem.', 2, '2018-09-23 22:56:14', '2018-09-23 22:56:14'),
(45, 6, 'Dr. Virgie Funk', 'Quis aliquam nam aut aut ipsum. Dolores nam modi sed. Labore delectus ab quae nihil qui. Atque hic adipisci saepe suscipit at molestiae qui.', 4, '2018-09-23 22:56:14', '2018-09-23 22:56:14'),
(46, 8, 'Theresa Ruecker', 'Molestiae occaecati enim ut consequatur rem. Et dolor autem et ratione officiis delectus similique accusamus. Dolore nemo velit saepe mollitia sed nesciunt omnis. Ut numquam saepe delectus qui.', 1, '2018-09-23 22:56:14', '2018-09-23 22:56:14'),
(47, 49, 'Ms. Grace Shields', 'Deleniti est consequatur veritatis veniam. Sed perferendis odio facere porro non voluptates. Dolores saepe est beatae. Magnam recusandae maxime delectus.', 4, '2018-09-23 22:56:14', '2018-09-23 22:56:14'),
(48, 39, 'Tomas Lubowitz I', 'Eveniet velit sint illo dicta quis. Reprehenderit dolorem ducimus omnis.', 5, '2018-09-23 22:56:14', '2018-09-23 22:56:14'),
(49, 8, 'Prof. Dale Corwin DDS', 'Iure ex ut blanditiis reiciendis. Provident aut quam aperiam aut. Dolore blanditiis sunt nam et maiores laboriosam deserunt. Assumenda odio sint repellendus iusto et quibusdam quos. Eius aut consectetur exercitationem aut voluptatum ab.', 2, '2018-09-23 22:56:14', '2018-09-23 22:56:14'),
(50, 43, 'Athena Crist II', 'Eos vel nostrum minus cupiditate soluta est. Et in quos omnis consequuntur sed voluptas eos.', 1, '2018-09-23 22:56:14', '2018-09-23 22:56:14'),
(51, 7, 'Mrs. Norene Feeney PhD', 'Vel numquam fugit nam. Est consectetur sequi odit veniam quis atque. Veritatis non accusamus sint dolores.', 0, '2018-09-23 22:56:15', '2018-09-23 22:56:15'),
(52, 1, 'Leopoldo Metz Sr.', 'Saepe dolore sit possimus nam praesentium iste. Qui laudantium molestias iure deleniti quaerat.', 4, '2018-09-23 22:56:15', '2018-09-23 22:56:15'),
(53, 19, 'Keanu Beahan', 'Non fugit laboriosam eum veritatis. Pariatur dolores cum nostrum deleniti autem. Illo veniam maxime voluptatibus ea. Nam veniam ut beatae quia ut voluptates possimus.', 5, '2018-09-23 22:56:15', '2018-09-23 22:56:15'),
(54, 16, 'Claudie Mosciski', 'Ab omnis esse et dolores nesciunt ut. Reprehenderit dolorum accusantium non sunt. Et odit enim in vel.', 1, '2018-09-23 22:56:15', '2018-09-23 22:56:15'),
(55, 12, 'Virginie Rosenbaum', 'Vel voluptas nam et omnis voluptatibus quas est. Magni consequatur mollitia iusto consequatur quo nostrum est. Officia tempore deserunt quaerat quam voluptatum eaque recusandae eaque.', 2, '2018-09-23 22:56:15', '2018-09-23 22:56:15'),
(56, 14, 'Leopold Kiehn PhD', 'Non quia enim et unde. Et inventore eveniet fugit ad numquam similique. Voluptas hic eos aut assumenda sit.', 2, '2018-09-23 22:56:15', '2018-09-23 22:56:15'),
(57, 26, 'Prof. Brody Dare I', 'Nihil ratione omnis eum. Repellat consectetur exercitationem voluptas sint est neque sed. Dolorem non ut velit dolorem. Eius adipisci eos accusantium enim aut. Quo soluta laudantium sit animi.', 5, '2018-09-23 22:56:16', '2018-09-23 22:56:16'),
(58, 37, 'Pat Kuhic', 'Consequatur porro aut et dolorum at. Sunt quo ipsa laboriosam dolores quia. Sint iste consectetur laudantium et.', 2, '2018-09-23 22:56:16', '2018-09-23 22:56:16'),
(59, 15, 'Kelsi Hill', 'Quia numquam ex fuga sunt. Accusamus reprehenderit iusto magni enim. Corporis voluptatum ullam perspiciatis. Officiis ducimus ab quo sit sed maiores perferendis.', 5, '2018-09-23 22:56:17', '2018-09-23 22:56:17'),
(60, 10, 'Heloise Langworth DDS', 'Neque ab sed similique perferendis deleniti odit consequuntur harum. Atque rerum sed reiciendis odio. Nisi dolorem sit enim vel id quo eum labore. Aut eum nisi ad soluta. Voluptatum at accusamus sed amet quae quod.', 2, '2018-09-23 22:56:17', '2018-09-23 22:56:17'),
(61, 19, 'Pierce Leuschke', 'Suscipit dolor id sint. Aut quia cumque consequuntur alias. Vitae occaecati amet dolore eveniet animi. Quasi sint ad temporibus nesciunt sed quo et.', 3, '2018-09-23 22:56:17', '2018-09-23 22:56:17'),
(62, 47, 'Miss Liliana Frami PhD', 'Perspiciatis rerum ut adipisci ipsam. Dolor rem dolor ad odit. Optio aspernatur et dolores excepturi quae. Molestiae deserunt vel eveniet qui officiis earum sunt.', 4, '2018-09-23 22:56:17', '2018-09-23 22:56:17'),
(63, 48, 'Jayce Bergstrom', 'Et velit nam ea asperiores nisi repudiandae. Quam suscipit enim quod. Voluptatem et id labore. Corrupti sint optio incidunt et.', 3, '2018-09-23 22:56:17', '2018-09-23 22:56:17'),
(64, 40, 'Mr. Keith Grady Sr.', 'Qui exercitationem cumque reprehenderit tempora et. Libero id placeat repellat dolor sint non. Tempore consequatur animi enim nostrum eaque rem. Laudantium tempore dolores sapiente minima fuga.', 5, '2018-09-23 22:56:17', '2018-09-23 22:56:17'),
(65, 50, 'Dr. Marcelle Torphy', 'Architecto quia sed ut repellat vitae assumenda. Cumque corrupti quia repudiandae voluptates iste distinctio. Nemo ipsa necessitatibus consequatur et. Exercitationem laudantium quia tempora omnis deserunt eius.', 1, '2018-09-23 22:56:17', '2018-09-23 22:56:17'),
(66, 35, 'Dr. Erin Brown Sr.', 'Sapiente quae quos velit in ut tempora. Nesciunt soluta suscipit laboriosam omnis quidem provident. Numquam delectus est maxime. Eos culpa natus at.', 4, '2018-09-23 22:56:18', '2018-09-23 22:56:18'),
(67, 49, 'Elva Rippin', 'Quas consequatur voluptatum ad sequi doloribus ut assumenda assumenda. Quo nihil mollitia doloribus ab nisi. Fugit delectus consequatur voluptatum corrupti eveniet dolor. Doloribus exercitationem sint eveniet eum.', 2, '2018-09-23 22:56:18', '2018-09-23 22:56:18'),
(68, 12, 'Jeanne Grant', 'Sunt nihil modi et est. Aperiam vitae odio necessitatibus et. Fugiat sit reiciendis et molestias voluptas ducimus. Sed autem provident velit vero. Aut consequatur aut dolor quia.', 1, '2018-09-23 22:56:18', '2018-09-23 22:56:18'),
(69, 50, 'Mr. Hilbert McCullough Sr.', 'Repellat repellat ad debitis corrupti a saepe ea. Praesentium dignissimos sit minima. Mollitia quidem vero aut aut. Consectetur at et enim quis voluptatem.', 4, '2018-09-23 22:56:18', '2018-09-23 22:56:18'),
(70, 3, 'Prof. Tania Mann', 'Modi id cumque consectetur aut incidunt neque. Et eius ex ipsa porro illo est. Aut vitae possimus dolor nisi quia sed aut perspiciatis.', 5, '2018-09-23 22:56:18', '2018-09-23 22:56:18'),
(71, 35, 'Anissa Mante', 'Exercitationem repellendus laborum est voluptas laboriosam. Incidunt cumque sequi non autem rem et. Nobis non totam nam aspernatur laborum pariatur et. Minus facilis est inventore vero possimus aliquam alias.', 2, '2018-09-23 22:56:18', '2018-09-23 22:56:18'),
(72, 46, 'Mrs. Myriam White', 'Eius dolorem blanditiis omnis sed possimus. Consectetur delectus et aliquid dolor maxime non beatae. Quidem architecto eligendi sint quidem voluptas corrupti. Accusamus dolores soluta enim maiores.', 2, '2018-09-23 22:56:18', '2018-09-23 22:56:18'),
(73, 40, 'Kennith Yundt', 'Nam reprehenderit harum mollitia mollitia. Ea ipsum provident ducimus voluptas quis placeat est. Asperiores animi minima sunt necessitatibus exercitationem.', 5, '2018-09-23 22:56:18', '2018-09-23 22:56:18'),
(74, 18, 'Mr. Trevion Mosciski DDS', 'Sint fugiat minus iure. Accusamus accusantium non minima voluptas. Sint nesciunt et sint eum laudantium praesentium consequatur quis. Officia qui natus nostrum quia. A voluptatem necessitatibus id qui quis.', 5, '2018-09-23 22:56:18', '2018-09-23 22:56:18'),
(75, 30, 'Alphonso Torphy Jr.', 'Consequatur voluptates placeat suscipit. Dolores tempore quam voluptatem saepe voluptates culpa. Modi laboriosam est voluptatum harum. Officia suscipit architecto praesentium id consequuntur illo.', 4, '2018-09-23 22:56:18', '2018-09-23 22:56:18'),
(76, 21, 'Ericka Mann V', 'Consequuntur atque officiis officiis occaecati aut et perferendis. Corporis accusantium culpa sint velit. Nostrum nihil pariatur repellat doloremque iure.', 5, '2018-09-23 22:56:18', '2018-09-23 22:56:18'),
(77, 47, 'Mr. Myles Feil II', 'Soluta aliquam voluptatem in tempore ea alias officiis voluptates. Deserunt et et placeat id itaque sint aut. Id dicta autem quo.', 3, '2018-09-23 22:56:18', '2018-09-23 22:56:18'),
(78, 10, 'Gregoria Witting', 'In eos dicta eveniet asperiores reiciendis eius tempora. Quibusdam eos voluptates sit veritatis est. Omnis vero molestias atque. Rerum debitis illum sunt doloribus libero recusandae rerum.', 1, '2018-09-23 22:56:18', '2018-09-23 22:56:18'),
(79, 15, 'Justus Moen', 'Cum aut praesentium veritatis. Velit impedit voluptas est error in error. A omnis eius sequi blanditiis necessitatibus enim.', 1, '2018-09-23 22:56:19', '2018-09-23 22:56:19'),
(80, 2, 'Miss Winona Goyette DVM', 'Totam dolor error odit asperiores debitis. Ab eos sunt asperiores. Cum reiciendis totam dolor qui quis. Suscipit est qui expedita eveniet necessitatibus.', 3, '2018-09-23 22:56:19', '2018-09-23 22:56:19'),
(81, 29, 'Elsie Olson', 'Possimus voluptas doloremque sunt asperiores. Voluptate a debitis eum et neque iste qui fuga. Sit ea et debitis optio autem soluta omnis.', 0, '2018-09-23 22:56:19', '2018-09-23 22:56:19'),
(82, 16, 'Mr. Jamie Oberbrunner', 'Qui quidem mollitia minus maxime neque debitis. Quidem et labore dolor repellat aut corrupti. Ducimus tempore nesciunt dolores porro. Consectetur dolorem doloremque quia sunt accusamus.', 4, '2018-09-23 22:56:19', '2018-09-23 22:56:19'),
(83, 41, 'Velda Williamson', 'Saepe deserunt amet enim est eius qui modi. Blanditiis non eveniet cupiditate rerum reiciendis ipsum. Quisquam harum et officiis minus. Aut saepe quia ipsum doloribus.', 3, '2018-09-23 22:56:19', '2018-09-23 22:56:19'),
(84, 43, 'Janie Gleichner', 'Dolor at libero earum. Voluptatum voluptate quo et amet nulla facere corporis. Voluptatem dicta voluptas non voluptatibus nihil consequatur ab. Quia nihil veritatis quia in.', 0, '2018-09-23 22:56:19', '2018-09-23 22:56:19'),
(85, 18, 'Charlotte O\'Connell', 'Ut sint molestiae voluptatem non voluptas fugiat qui. Ea aut pariatur et nesciunt aliquid optio doloremque corrupti. Architecto id aliquam cupiditate neque qui voluptas qui.', 3, '2018-09-23 22:56:19', '2018-09-23 22:56:19'),
(86, 40, 'Prof. Amya Brekke', 'Itaque rerum eligendi sapiente et exercitationem. Et quia occaecati nesciunt molestias quos. Rerum exercitationem perferendis est et optio.', 2, '2018-09-23 22:56:19', '2018-09-23 22:56:19'),
(87, 40, 'Prof. Johnny Trantow DVM', 'Dolores qui id ipsa vel eaque in omnis corrupti. Repellendus voluptate veritatis aliquid autem aperiam accusamus. Impedit sint ea nulla porro ipsa omnis. Esse rerum beatae voluptas ea.', 4, '2018-09-23 22:56:19', '2018-09-23 22:56:19'),
(88, 10, 'Dr. Gardner Willms V', 'Architecto rerum odio ut eligendi. Est ut consequatur non minus cumque. Et eos ducimus voluptatibus aut nostrum saepe.', 5, '2018-09-23 22:56:19', '2018-09-23 22:56:19'),
(89, 1, 'Emmanuel Carroll DDS', 'Ipsum ut labore ratione doloribus. Possimus non vitae molestiae. Animi occaecati magni id est qui.', 5, '2018-09-23 22:56:19', '2018-09-23 22:56:19'),
(90, 25, 'Dr. Charles Gutmann', 'Enim optio quo enim repudiandae est quas architecto beatae. Doloribus laboriosam consequatur nihil natus enim voluptatem quo.', 0, '2018-09-23 22:56:19', '2018-09-23 22:56:19'),
(91, 36, 'Mr. Hillard Hettinger', 'Animi eius velit qui quibusdam minima et consequuntur. Necessitatibus provident voluptatem facilis est.', 0, '2018-09-23 22:56:19', '2018-09-23 22:56:19'),
(92, 48, 'Mrs. Wendy Rolfson I', 'Et eaque consequatur eaque rem. Quia aut eaque ea quia in quia dolorem. Vel aliquam ut itaque optio eos enim ut nam. Fugiat quis ut eum consequuntur temporibus.', 4, '2018-09-23 22:56:20', '2018-09-23 22:56:20'),
(93, 16, 'Marlon Ortiz', 'Aut dolor fugit a. Non enim expedita enim corrupti quos dolores praesentium. Omnis nihil aliquid nostrum dicta minus et. Velit quo pariatur asperiores ea sint commodi.', 2, '2018-09-23 22:56:20', '2018-09-23 22:56:20'),
(94, 25, 'Dameon Kihn IV', 'Omnis impedit consequatur est molestiae non. Laboriosam architecto occaecati doloribus dicta adipisci accusantium harum. Quas eius ut perspiciatis ut ut. Sapiente explicabo asperiores molestiae illo odit enim autem.', 3, '2018-09-23 22:56:20', '2018-09-23 22:56:20'),
(95, 21, 'Maximilian Parisian', 'Nisi impedit quidem et explicabo nisi saepe repellendus. Laborum magnam veritatis natus asperiores. Enim et est et non aperiam ut fugiat.', 3, '2018-09-23 22:56:20', '2018-09-23 22:56:20'),
(96, 43, 'Hope Lind', 'Facere molestias sit quia harum itaque. Corporis consequuntur illo placeat aliquam accusamus suscipit eos. Atque sit sed veritatis id id animi.', 0, '2018-09-23 22:56:20', '2018-09-23 22:56:20'),
(97, 12, 'Vladimir Rohan', 'Aut et excepturi perferendis dolor illum. Nihil nesciunt et officiis laboriosam cumque ratione. Est dolor et praesentium labore doloremque.', 4, '2018-09-23 22:56:20', '2018-09-23 22:56:20'),
(98, 37, 'Benedict Leuschke', 'Est sit eaque nam in. Nisi ut qui a delectus eum fugit. Illum ipsum nobis ut qui adipisci. Impedit eius labore maiores debitis.', 2, '2018-09-23 22:56:20', '2018-09-23 22:56:20'),
(99, 11, 'Ona Metz DDS', 'Ut consequatur at ab tempora ipsam deleniti. Totam pariatur quaerat consequuntur. Repellendus animi explicabo iste quisquam dignissimos. Dolores enim qui provident.', 0, '2018-09-23 22:56:20', '2018-09-23 22:56:20'),
(100, 45, 'Keanu Ritchie', 'Voluptatem numquam deleniti adipisci voluptatem excepturi non sapiente et. Sed minus a libero possimus amet. Ex dolorem voluptatem nam iure. Adipisci dicta saepe ut distinctio.', 0, '2018-09-23 22:56:20', '2018-09-23 22:56:20'),
(101, 35, 'Dr. Shanna Hermiston DVM', 'Aut ad enim doloribus ut vero inventore. Dolorem facere voluptatem quae ad. Et at recusandae inventore praesentium.', 5, '2018-09-23 22:56:20', '2018-09-23 22:56:20'),
(102, 25, 'Lexus Littel', 'Qui qui aut nisi est occaecati nulla debitis voluptatem. Quam ea nulla laudantium a quibusdam ipsa cum distinctio. Porro nihil asperiores repellat. Eligendi blanditiis natus consequuntur autem non quo.', 3, '2018-09-23 22:56:20', '2018-09-23 22:56:20'),
(103, 27, 'Raheem Koch Sr.', 'Aperiam illum veniam officia error aut maxime numquam. Illo ea non quis nobis aut adipisci ducimus impedit. Molestiae molestiae porro quia quia.', 3, '2018-09-23 22:56:20', '2018-09-23 22:56:20'),
(104, 43, 'Graciela Windler', 'Doloremque corporis debitis nesciunt eos aut. Recusandae est dolores voluptatibus quia facere. Architecto rerum voluptas voluptatem asperiores doloribus et.', 4, '2018-09-23 22:56:21', '2018-09-23 22:56:21'),
(105, 3, 'Myra Steuber', 'Animi error esse ut odit. Similique quam ut debitis iste soluta labore aspernatur. Hic sunt error quia et et impedit. Eaque quas deserunt qui illo.', 2, '2018-09-23 22:56:21', '2018-09-23 22:56:21'),
(106, 2, 'Alexandre Sanford', 'Veritatis sit voluptatem id ut qui reiciendis cum perspiciatis. Velit et pariatur magnam reprehenderit impedit. Aut commodi illum sit.', 4, '2018-09-23 22:56:21', '2018-09-23 22:56:21'),
(107, 35, 'Agustin O\'Reilly', 'Repellat eius sit veritatis nobis. Esse quia doloremque culpa magni est. Quos ipsa corporis et omnis dolores sunt.', 3, '2018-09-23 22:56:21', '2018-09-23 22:56:21'),
(108, 20, 'Kris Lindgren', 'Et sint nam velit corporis et natus. Ipsam provident dolores dignissimos quia et distinctio. Dolorem accusamus ratione distinctio consectetur. Fugiat quam nulla in saepe repudiandae repellat saepe.', 1, '2018-09-23 22:56:21', '2018-09-23 22:56:21'),
(109, 27, 'Prof. Mossie Hodkiewicz III', 'Eos enim aut dignissimos eveniet id quaerat rem nulla. Consequatur aut unde dolor sit. Voluptas enim eius tenetur voluptatem possimus.', 4, '2018-09-23 22:56:21', '2018-09-23 22:56:21'),
(110, 19, 'Tessie Schamberger', 'Sunt id sint qui ut. Ut est quas quis eveniet. Et voluptatem consectetur laudantium voluptatem doloremque nihil voluptas. Id enim rerum modi et ut maiores.', 0, '2018-09-23 22:56:21', '2018-09-23 22:56:21'),
(111, 23, 'Donny Mueller', 'Aut sed nostrum nam eos sint sit sint. Deleniti eligendi et ipsam ut maiores fugit nesciunt. Quo natus recusandae illo veritatis. Aliquid ullam et consequatur in tenetur qui.', 2, '2018-09-23 22:56:21', '2018-09-23 22:56:21'),
(112, 7, 'Shanelle Krajcik', 'Incidunt nesciunt neque aperiam consequatur. Ipsam omnis iure exercitationem eum culpa. Dolor dignissimos aliquid voluptas quis perferendis exercitationem. Ea autem aspernatur suscipit.', 1, '2018-09-23 22:56:21', '2018-09-23 22:56:21'),
(113, 2, 'Phoebe Cremin', 'Voluptatem recusandae adipisci temporibus dolor et voluptates assumenda. A pariatur veniam non delectus itaque. Et quis est quae ipsum est eaque in. Consequuntur nobis voluptatem laboriosam ut aliquid.', 4, '2018-09-23 22:56:21', '2018-09-23 22:56:21'),
(114, 17, 'Mr. Clyde Douglas', 'Ea totam rerum sequi est quaerat. Ut ut cum consequatur sit. Rerum et soluta aut magni minima.', 2, '2018-09-23 22:56:21', '2018-09-23 22:56:21'),
(115, 50, 'Prof. Lacy Torp', 'Ad omnis cupiditate quia. Est corrupti et molestiae facilis eum modi cupiditate voluptatem. Voluptatem in voluptatem dolore cumque dolorem et. Fugiat ducimus qui nam recusandae.', 5, '2018-09-23 22:56:21', '2018-09-23 22:56:21'),
(116, 34, 'Ryann Littel', 'Laboriosam illum occaecati accusantium quo rerum neque rerum. Facere sit rerum voluptas ipsum ut. Et soluta placeat assumenda adipisci qui saepe.', 5, '2018-09-23 22:56:21', '2018-09-23 22:56:21'),
(117, 44, 'Mr. Fritz Moore I', 'Ut dolor aut et architecto asperiores et. Id rerum tempora omnis neque. Qui in ut quis ullam id voluptatem. Sequi et eum amet ut assumenda rerum dolor.', 2, '2018-09-23 22:56:21', '2018-09-23 22:56:21'),
(118, 44, 'Dr. Monty Wilderman', 'Labore sequi deserunt praesentium aut voluptatem sit rerum. Ut occaecati eligendi minus sint rerum. Tempora quisquam quia ab.', 1, '2018-09-23 22:56:22', '2018-09-23 22:56:22'),
(119, 49, 'Mrs. Emily Christiansen Jr.', 'Soluta quia praesentium deleniti voluptatem. Dolor veritatis vero ea omnis ipsum.', 0, '2018-09-23 22:56:22', '2018-09-23 22:56:22'),
(120, 30, 'Nasir Hermann', 'Rerum voluptas vel sed autem illum iure vero. Ea dolorem quod ut qui. Qui ut et rerum provident eligendi. Numquam velit necessitatibus iusto dolores voluptas modi.', 4, '2018-09-23 22:56:22', '2018-09-23 22:56:22'),
(121, 9, 'Dr. Cornelius Hilpert PhD', 'Id sit tenetur atque eum ea. Nam et et ut id eum adipisci. Fugiat repellat vero laborum sequi.', 3, '2018-09-23 22:56:22', '2018-09-23 22:56:22'),
(122, 42, 'Leif Kilback', 'Nesciunt ex ad ipsum eius non dignissimos. Qui molestiae ut autem soluta nostrum molestiae velit molestiae. Quia assumenda et reiciendis odio dolorem modi consequatur. Earum quidem sint dicta.', 1, '2018-09-23 22:56:22', '2018-09-23 22:56:22'),
(123, 1, 'Mrs. Nova Bernhard MD', 'Minus eos neque expedita ullam cum quia. Sed enim voluptate suscipit vel. Temporibus vero repellat alias assumenda doloribus eveniet quia.', 3, '2018-09-23 22:56:22', '2018-09-23 22:56:22'),
(124, 11, 'Miss Kirstin Bernier', 'Voluptatem repudiandae quas provident qui sunt deserunt deserunt doloremque. Voluptates officia voluptatem est inventore. Natus veniam nostrum qui expedita et. Voluptatem odit rem harum et vel et.', 4, '2018-09-23 22:56:22', '2018-09-23 22:56:22'),
(125, 45, 'Kendra Walter', 'Quisquam labore praesentium nemo non sequi aut in. Vitae asperiores nemo hic eum. A consectetur recusandae quia tenetur quis. Quisquam consequuntur voluptatem est ut quod aut optio.', 4, '2018-09-23 22:56:22', '2018-09-23 22:56:22'),
(126, 47, 'Kaylah Tremblay', 'Sint est minus est qui. Saepe reprehenderit ut laboriosam dolorem et eos. Veritatis eum expedita officiis ex aliquam. Assumenda sed perspiciatis architecto incidunt dolorem est eum. Maiores hic ad et exercitationem.', 4, '2018-09-23 22:56:22', '2018-09-23 22:56:22'),
(127, 4, 'Mr. Dillon Rau', 'Facere sit dolorem est natus ut placeat expedita. Accusantium repellat consequuntur eaque quod deserunt itaque. Exercitationem numquam et beatae et eum aliquid.', 2, '2018-09-23 22:56:22', '2018-09-23 22:56:22'),
(128, 35, 'Asa Goyette II', 'Sit nihil ea esse et. Perspiciatis earum vitae voluptas inventore at. Possimus qui repellat repellat. Exercitationem est eos error porro repellendus fugiat.', 2, '2018-09-23 22:56:23', '2018-09-23 22:56:23'),
(129, 10, 'Hipolito Tromp', 'Non sit eum et ut ad. Odit ut asperiores recusandae ipsum et dignissimos aut voluptate. Est qui aut et laborum totam. Deleniti voluptatem numquam ab eum eveniet alias error.', 2, '2018-09-23 22:56:23', '2018-09-23 22:56:23'),
(130, 49, 'Henriette Schuppe', 'Molestiae sunt placeat temporibus ex porro nam dicta. Possimus similique nesciunt voluptatem necessitatibus. Qui quis qui dignissimos sit ratione. Molestiae consequuntur tempore eum est unde quia.', 3, '2018-09-23 22:56:23', '2018-09-23 22:56:23'),
(131, 36, 'Kennith Lakin', 'Cupiditate eos et repudiandae facere accusamus. Tempora voluptate id fugiat non qui.', 0, '2018-09-23 22:56:23', '2018-09-23 22:56:23'),
(132, 42, 'Tia Lockman DVM', 'Voluptatem id natus minima porro reprehenderit ea. Dicta sed pariatur a consequatur vel quis. Quibusdam libero aliquam iste reprehenderit odio a sint. Labore autem nemo et accusantium beatae quae.', 3, '2018-09-23 22:56:23', '2018-09-23 22:56:23'),
(133, 13, 'Kristian Reynolds', 'Iure quo est facere sequi aut. Quis enim consequatur ab omnis. Aliquam a sit praesentium rerum. Laborum qui dolores veritatis quos dignissimos fugiat nam aperiam.', 5, '2018-09-23 22:56:23', '2018-09-23 22:56:23'),
(134, 11, 'Lonny Ullrich', 'Illo in quam quia voluptate aut qui consectetur. Tempora totam qui consectetur ad dolor. Sed eos eos quidem sunt expedita eum. Aperiam in nihil dolor quod sint autem.', 1, '2018-09-23 22:56:23', '2018-09-23 22:56:23'),
(135, 14, 'Carmel Toy', 'Similique in dolorem et maxime iste repellendus quasi. Et occaecati doloremque totam velit. Recusandae voluptatem est totam eveniet et. Aut saepe excepturi deleniti in laudantium rerum alias ut.', 2, '2018-09-23 22:56:23', '2018-09-23 22:56:23'),
(136, 6, 'Orland Kshlerin', 'Sit neque fugiat voluptatem perferendis officia. Fugiat ab delectus vero voluptas. Adipisci quasi ducimus et officia consequatur voluptatem animi.', 2, '2018-09-23 22:56:23', '2018-09-23 22:56:23'),
(137, 1, 'Prof. Hertha Pfeffer', 'A consectetur exercitationem accusamus occaecati expedita. Fugit temporibus aliquid qui et praesentium. Amet quaerat voluptatum ut magnam et assumenda asperiores. Rerum quam et ut expedita sit consequatur.', 3, '2018-09-23 22:56:23', '2018-09-23 22:56:23'),
(138, 3, 'Prof. Edgar Von', 'Ratione ipsam harum quia rerum enim praesentium. Et perspiciatis velit rerum sint in est. Repellendus et totam iusto reiciendis aut nesciunt. Voluptatum accusamus delectus deserunt beatae nam. Aperiam qui error cumque deserunt.', 3, '2018-09-23 22:56:24', '2018-09-23 22:56:24'),
(139, 9, 'Lyric Kunde', 'Nemo velit aut sed et magnam. Et ratione dolor quisquam. Deleniti nesciunt nihil dolore. Eum ea ducimus expedita et ipsam ipsum aut ut.', 5, '2018-09-23 22:56:24', '2018-09-23 22:56:24'),
(140, 8, 'Mr. Oliver Bogan', 'Consectetur sit exercitationem nam omnis quisquam necessitatibus quas dolore. Id minus rerum qui similique autem accusamus aliquam veniam. Natus ea similique eaque est. Est in aliquid ratione eaque qui.', 0, '2018-09-23 22:56:24', '2018-09-23 22:56:24'),
(141, 10, 'Selena Borer', 'Aut explicabo repellat delectus minima omnis soluta suscipit. Voluptatem sit quia nesciunt nihil. Et dolorum adipisci aut praesentium. Accusantium et excepturi hic omnis.', 5, '2018-09-23 22:56:24', '2018-09-23 22:56:24'),
(142, 6, 'Rowena Gislason', 'Adipisci possimus commodi rerum qui recusandae quam autem. Autem nemo dignissimos quia quasi illum iste quis. Expedita atque repellendus consequatur nihil rerum. Asperiores recusandae repellat voluptatibus placeat cumque qui nesciunt voluptatem.', 1, '2018-09-23 22:56:24', '2018-09-23 22:56:24'),
(143, 13, 'Marquise Mills', 'Quasi fuga tempore nobis qui laboriosam voluptas. Aliquid nobis quia et et qui quia provident. Vero ut alias placeat accusamus aliquid. Ratione facere aliquam vel possimus voluptatem numquam.', 1, '2018-09-23 22:56:24', '2018-09-23 22:56:24'),
(144, 3, 'Prof. Rahsaan D\'Amore III', 'In consequatur est veritatis at. Nobis est cumque quidem reiciendis laborum est. Fugiat et quia porro aspernatur sunt. Quam minima tempore sunt dignissimos beatae pariatur.', 1, '2018-09-23 22:56:24', '2018-09-23 22:56:24'),
(145, 13, 'Dr. Madalyn Mraz Jr.', 'Qui natus illum et explicabo harum voluptate. Consectetur vitae sed eaque. Consectetur tempore placeat reprehenderit voluptas delectus perspiciatis. Est saepe possimus ipsam odio.', 1, '2018-09-23 22:56:24', '2018-09-23 22:56:24'),
(146, 36, 'Mr. Loyal McDermott', 'Id veritatis et in exercitationem. Molestiae accusamus nulla placeat et pariatur. Consequatur a ut aut sit quidem. Reiciendis et praesentium odit sed.', 5, '2018-09-23 22:56:24', '2018-09-23 22:56:24'),
(147, 10, 'Otto Kirlin', 'In enim doloribus et omnis quia eos inventore fugiat. Est accusamus qui cupiditate ab dolores exercitationem.', 5, '2018-09-23 22:56:24', '2018-09-23 22:56:24'),
(148, 11, 'William McCullough', 'Laudantium nihil ipsa alias perspiciatis et impedit dolorem. Ipsam voluptatibus reiciendis dicta deserunt placeat laudantium adipisci et. Ratione nam delectus tempore ex quia similique. Est delectus dicta temporibus nemo. Delectus dolor nemo est molestiae et.', 4, '2018-09-23 22:56:24', '2018-09-23 22:56:24'),
(149, 6, 'Delfina Johnston', 'Dolores cupiditate mollitia magni totam. Possimus quis accusantium est vitae magnam. Vero ut omnis id excepturi. Velit odio quod sint facere et ad eius.', 4, '2018-09-23 22:56:24', '2018-09-23 22:56:24'),
(150, 41, 'Lexus Dibbert', 'Odio consequatur sunt sed aut eius nobis dolores reprehenderit. Debitis et et at qui libero. Vero aut facilis libero est et.', 2, '2018-09-23 22:56:25', '2018-09-23 22:56:25'),
(151, 4, 'Jovany Upton', 'Qui minus nobis consequatur suscipit officia soluta. Accusantium eveniet et modi quidem. Fuga a molestiae neque impedit. Facilis omnis sed autem facere.', 5, '2018-09-23 22:56:25', '2018-09-23 22:56:25'),
(152, 24, 'Erica Mills', 'Corrupti nesciunt nobis et ea repellat beatae. Voluptatem voluptatem et sit sint repellat omnis blanditiis. Et aliquid esse et nostrum aut vitae. Qui sit numquam sit labore ut.', 1, '2018-09-23 22:56:25', '2018-09-23 22:56:25'),
(153, 24, 'Dayana Gaylord V', 'Et non voluptas ratione tempora rerum veritatis eos. Repellat est et molestiae sed veritatis. Cum consequatur molestiae et.', 5, '2018-09-23 22:56:25', '2018-09-23 22:56:25'),
(154, 23, 'Lourdes Batz', 'Temporibus similique et libero sit et. Id dolor qui mollitia hic quaerat aut sed. Velit non odio qui nulla quas.', 2, '2018-09-23 22:56:25', '2018-09-23 22:56:25'),
(155, 26, 'Mr. Gust Ebert', 'Quis ut maiores quia commodi beatae. Aliquid est occaecati sint a eaque illo.', 5, '2018-09-23 22:56:25', '2018-09-23 22:56:25'),
(156, 20, 'Michael Schaefer', 'Vel voluptatibus ex ipsa maxime tenetur consequatur. Aperiam inventore sed ea doloremque. Labore dolor autem est possimus et sed. Quas beatae nesciunt corporis asperiores facilis. Harum quisquam sed voluptatem sequi quae voluptas.', 1, '2018-09-23 22:56:25', '2018-09-23 22:56:25'),
(157, 18, 'Jalyn Douglas', 'Magni quia enim mollitia in harum. Ut sint ullam tenetur nemo explicabo. Modi aut perspiciatis voluptas eius voluptatem possimus quasi deserunt. Ut ipsa aut excepturi unde.', 5, '2018-09-23 22:56:25', '2018-09-23 22:56:25'),
(158, 12, 'Travis Lesch II', 'Aliquid nostrum eveniet non consequatur voluptatibus. Culpa iusto ipsa voluptatem sunt dolore qui. Expedita dolor ab ut ab cum aut dolorem vel.', 5, '2018-09-23 22:56:25', '2018-09-23 22:56:25'),
(159, 9, 'Twila Kassulke', 'Ut molestias corporis voluptatum suscipit consequatur. Laboriosam rem unde qui laboriosam vel occaecati odit omnis. Maiores ut a corporis non nesciunt saepe.', 0, '2018-09-23 22:56:25', '2018-09-23 22:56:25'),
(160, 5, 'Webster Lindgren MD', 'Ut rerum suscipit pariatur omnis eligendi. Beatae sapiente possimus corporis omnis sint amet fugit. Ipsum sed odio molestiae nemo. Delectus voluptates velit alias pariatur saepe.', 0, '2018-09-23 22:56:26', '2018-09-23 22:56:26'),
(161, 4, 'Haven Keebler', 'Eligendi rem consectetur cupiditate vero et est magnam. Sed qui totam et amet saepe harum. Deserunt ad dolorum quos facilis qui laudantium. Nesciunt unde deleniti iste illo sed.', 2, '2018-09-23 22:56:26', '2018-09-23 22:56:26'),
(162, 49, 'Doris Huels', 'Perferendis ipsa dolor iusto et et laudantium aut. Aperiam sunt qui voluptatum non quisquam dolorum. Corporis vitae aut labore totam vitae quasi fuga harum. Libero unde consequatur totam ratione. Rerum id aut est non.', 2, '2018-09-23 22:56:26', '2018-09-23 22:56:26'),
(163, 3, 'Prof. Milford Wiegand', 'Ipsa qui omnis quis vel eaque. Harum quia eos atque magni.', 5, '2018-09-23 22:56:26', '2018-09-23 22:56:26'),
(164, 7, 'Ms. Melyssa Hackett', 'Doloremque quidem ab sunt qui harum aut consequatur. Magni assumenda quia quis. Molestias saepe qui eveniet dolore. Nostrum nostrum repellendus non.', 3, '2018-09-23 22:56:26', '2018-09-23 22:56:26'),
(165, 7, 'Prof. King Eichmann Sr.', 'Corporis rem sit aperiam omnis aspernatur recusandae voluptas. Quam et suscipit earum omnis voluptate quo nisi. Quia provident qui repellat non sed. Suscipit et qui cupiditate pariatur aliquid perferendis.', 1, '2018-09-23 22:56:26', '2018-09-23 22:56:26'),
(166, 3, 'Devin Hand', 'Fuga cupiditate porro sit qui laudantium. Rerum provident ut ad voluptatem. Eum atque placeat dolorem minima. Veniam aliquid voluptates eius et et debitis alias autem.', 0, '2018-09-23 22:56:26', '2018-09-23 22:56:26'),
(167, 47, 'Archibald Champlin', 'Nisi ut ut omnis cupiditate. Voluptas omnis neque fuga cupiditate alias ut harum. Officia aspernatur enim rerum aliquam consequatur quia voluptas. Velit et minus veritatis praesentium.', 0, '2018-09-23 22:56:26', '2018-09-23 22:56:26'),
(168, 1, 'Robbie Borer', 'Iusto reiciendis iure sequi earum eos. Voluptatibus magni asperiores dolorem ad. Veritatis animi ipsam esse libero. Est nostrum modi consequatur est ea magni.', 0, '2018-09-23 22:56:26', '2018-09-23 22:56:26'),
(169, 18, 'Dolores Ziemann', 'In nihil nostrum recusandae autem voluptas aperiam. Molestias non commodi ducimus est. Earum dolores autem laborum quia et quidem non et. Est maxime earum est occaecati assumenda repudiandae.', 2, '2018-09-23 22:56:27', '2018-09-23 22:56:27'),
(170, 30, 'Logan Kertzmann PhD', 'Minus libero magni nobis est qui ut accusantium. Doloremque autem possimus veritatis id recusandae. Sint dolorem voluptas sit.', 2, '2018-09-23 22:56:27', '2018-09-23 22:56:27'),
(171, 19, 'Esther Hettinger', 'Aspernatur et iure facilis aut omnis id quae dolore. Omnis neque officia ipsum quisquam et quia. At placeat ut aut dolorem corrupti harum voluptatum.', 4, '2018-09-23 22:56:27', '2018-09-23 22:56:27'),
(172, 30, 'Greg Price', 'Earum pariatur vero et soluta. Provident labore qui omnis sunt eum quidem. Illo et velit sit perspiciatis exercitationem reprehenderit. Omnis eum nisi numquam ut natus aut. Dolore eius expedita distinctio.', 3, '2018-09-23 22:56:27', '2018-09-23 22:56:27'),
(173, 31, 'Howell Johnson', 'Incidunt est nam saepe odio sed nihil. Cum deserunt dolores animi assumenda cum et quos corporis.', 5, '2018-09-23 22:56:27', '2018-09-23 22:56:27'),
(174, 20, 'Hassan Nienow Sr.', 'Rerum itaque nesciunt atque laboriosam. Rerum rerum architecto et est. Eius inventore fuga quas est unde sequi. Autem dolor qui adipisci dignissimos dolorum sunt.', 2, '2018-09-23 22:56:27', '2018-09-23 22:56:27'),
(175, 20, 'Emie Crist', 'Enim voluptas quod inventore aspernatur dolorem voluptatum. Dolores rerum assumenda minus autem aut voluptatem. Rerum illo amet voluptatem veritatis doloribus. Minus eum aspernatur sapiente quas tempora voluptatem porro.', 2, '2018-09-23 22:56:27', '2018-09-23 22:56:27'),
(176, 38, 'Karolann O\'Hara', 'Repellendus saepe natus iure. Dolor eveniet necessitatibus impedit consequatur nobis reprehenderit. Ut et dolor ut id nihil corporis. Dicta aut ex omnis labore vero alias cum. Quia soluta rem qui est.', 1, '2018-09-23 22:56:27', '2018-09-23 22:56:27'),
(177, 6, 'Prof. Rudy Bergstrom Sr.', 'Esse ea qui molestiae aperiam voluptas voluptate. Tenetur velit fugit sed veniam. Sed distinctio est excepturi possimus.', 0, '2018-09-23 22:56:28', '2018-09-23 22:56:28'),
(178, 25, 'Aidan Jacobs', 'Aperiam deserunt quod aut aliquid non. Fugit dolor aut eos. Voluptas aut laudantium quidem.', 1, '2018-09-23 22:56:28', '2018-09-23 22:56:28'),
(179, 1, 'Rhett Ortiz', 'Dolorum quam eveniet quae aut sit maiores et. Ad impedit dicta pariatur aut non. Sunt et beatae velit. Deleniti minus nihil provident recusandae.', 5, '2018-09-23 22:56:28', '2018-09-23 22:56:28'),
(180, 37, 'Mr. Jensen Hodkiewicz', 'Quia repudiandae et est. Est expedita similique ut minus quae nostrum ut. Voluptas eveniet itaque perferendis. Amet earum sunt id sed sed ut pariatur.', 0, '2018-09-23 22:56:28', '2018-09-23 22:56:28'),
(181, 20, 'Prof. Wendell Volkman Sr.', 'Voluptatum reprehenderit quisquam distinctio est. Fugiat harum repellendus ab commodi magni dolores magni. Dicta consequatur sed sed officia tenetur voluptas dolorem. Omnis nesciunt praesentium similique ratione nulla sint recusandae.', 5, '2018-09-23 22:56:28', '2018-09-23 22:56:28'),
(182, 38, 'Kendall Swaniawski', 'Non ut quia quia fugiat et facilis occaecati asperiores. Illo ut ut aspernatur unde quae quaerat est. Enim esse dolor nobis sed odio repudiandae ea numquam.', 2, '2018-09-23 22:56:28', '2018-09-23 22:56:28'),
(183, 32, 'Ms. Loma Wolff', 'Dolor ipsa qui voluptatem et omnis voluptatem. Incidunt ut ullam pariatur accusantium repellendus veritatis. Et corporis pariatur fuga tenetur.', 4, '2018-09-23 22:56:28', '2018-09-23 22:56:28'),
(184, 38, 'Ms. Claire Hyatt DDS', 'Sit occaecati harum quod. Est eaque soluta rerum animi. Veniam odit quam rerum. Eum debitis magnam alias optio. Qui assumenda et sed modi rerum fugit.', 5, '2018-09-23 22:56:28', '2018-09-23 22:56:28'),
(185, 29, 'Eliza Stracke', 'Sit repellendus maiores iusto consequatur consequuntur est sunt odit. Ipsa voluptatem porro eum aliquid aliquam perspiciatis voluptatibus. Iure animi quisquam labore voluptate aut. Ea voluptatem porro qui sit laboriosam optio.', 3, '2018-09-23 22:56:28', '2018-09-23 22:56:28'),
(186, 31, 'Mr. Abelardo Hoeger', 'Quam sequi voluptatum voluptatem iste qui id. Dolor aut id nostrum tempora quia autem. Et quisquam in facere qui perferendis. Consequatur dolor vel iure illum rem.', 2, '2018-09-23 22:56:28', '2018-09-23 22:56:28'),
(187, 1, 'Annamarie Fisher', 'Sint occaecati sunt nihil quo. Voluptatem voluptatibus tempore ut illum. Sed et officiis dolor vero quia labore.', 0, '2018-09-23 22:56:28', '2018-09-23 22:56:28'),
(188, 32, 'Emiliano Upton', 'Quia accusamus ut ea enim laboriosam officiis nihil. Perspiciatis impedit tenetur ut magni. Qui eaque sequi sit sit qui et velit. Voluptas distinctio quis sit est.', 5, '2018-09-23 22:56:28', '2018-09-23 22:56:28'),
(189, 2, 'Hortense Koepp', 'Qui suscipit eius consectetur magnam facilis. Et aut pariatur aut fugiat rerum enim. Hic ut est in iste sequi est. Quidem quae aut dignissimos.', 4, '2018-09-23 22:56:28', '2018-09-23 22:56:28'),
(190, 16, 'Tatum Lind DVM', 'Quidem similique et sint. Similique quas deserunt quia asperiores quae consequatur. Qui inventore sapiente quo deserunt veniam qui. Adipisci ut et et neque.', 3, '2018-09-23 22:56:28', '2018-09-23 22:56:28'),
(191, 37, 'Maymie Bartell V', 'Deserunt iure ut ut quo atque et vel. Ipsum mollitia corporis natus incidunt iste sit. Et officiis laborum eum animi consequatur. In dicta et quisquam. Eligendi et fugit saepe magnam sit est.', 0, '2018-09-23 22:56:29', '2018-09-23 22:56:29'),
(192, 14, 'Kole Herzog PhD', 'Iusto rem rerum voluptas accusantium nemo dicta. Ut neque nihil sit est placeat laborum repudiandae. Quisquam itaque voluptatem voluptate eum suscipit sit. Aut natus est eligendi asperiores.', 0, '2018-09-23 22:56:29', '2018-09-23 22:56:29'),
(193, 33, 'Autumn Beatty', 'Consequatur pariatur non enim rem. A nesciunt minus et alias labore doloremque. Atque libero aut et nesciunt voluptas et omnis. Consequatur cumque aut quis quod.', 1, '2018-09-23 22:56:29', '2018-09-23 22:56:29'),
(194, 4, 'Eryn Vandervort I', 'Rerum voluptatum repellat placeat iste eum architecto nesciunt. Fugit quam quibusdam ea qui possimus delectus. Accusamus saepe enim rem.', 4, '2018-09-23 22:56:29', '2018-09-23 22:56:29'),
(195, 32, 'Mr. Dale Heathcote', 'Amet in dolorum laudantium. Sed cum eveniet et id ut perspiciatis sed omnis. Amet harum culpa illo tempora incidunt.', 2, '2018-09-23 22:56:29', '2018-09-23 22:56:29'),
(196, 14, 'Mr. Agustin Stoltenberg', 'Laboriosam quia consectetur cupiditate aspernatur aut sunt ea. Et voluptas ut facilis mollitia qui unde. Autem qui iste incidunt facere at.', 1, '2018-09-23 22:56:29', '2018-09-23 22:56:29'),
(197, 35, 'Reva Hauck', 'Et atque tenetur eligendi aut voluptatem consectetur aut. Harum voluptate pariatur quis quo quo aut. Molestias et mollitia et excepturi sit. Impedit neque molestiae illo quasi. Velit ea commodi quos.', 1, '2018-09-23 22:56:29', '2018-09-23 22:56:29'),
(198, 9, 'Erich Daugherty', 'Aperiam ipsam neque facilis ut enim. Minima minima voluptatem hic eum maiores autem. Iure expedita ad est doloribus.', 4, '2018-09-23 22:56:29', '2018-09-23 22:56:29'),
(199, 39, 'Mr. Abdul Purdy', 'Et sapiente ut inventore est. Libero in qui adipisci eos labore aut aut voluptas. Ad porro non ducimus quidem. Sunt qui a voluptates fugit iusto veritatis.', 4, '2018-09-23 22:56:29', '2018-09-23 22:56:29'),
(200, 15, 'Emory Weimann', 'Sed quos eum dolores odio. Et quia explicabo nihil eos iure nobis ipsum. Vel maxime repudiandae modi. Velit a eum aut sed.', 0, '2018-09-23 22:56:29', '2018-09-23 22:56:29'),
(201, 33, 'Angus Schuppe', 'Cumque autem minus et facilis aliquam aut. Aliquam consequatur natus aperiam quia enim eligendi autem. Ab omnis aliquid ab tempora tempore aut. Rerum iusto itaque aspernatur beatae doloribus ipsam illo ratione. Reprehenderit unde ut minima ea nam a.', 3, '2018-09-23 22:56:29', '2018-09-23 22:56:29'),
(202, 20, 'Darrell Schuppe', 'Et corrupti aliquam hic dolores saepe quibusdam. Necessitatibus natus eum saepe voluptas. Hic et quaerat qui magnam consequatur qui magni.', 3, '2018-09-23 22:56:29', '2018-09-23 22:56:29'),
(203, 18, 'Prof. Linnea Kovacek DDS', 'Voluptatem iusto minus possimus at odio atque consequatur. Autem magni repellat officia et. Excepturi praesentium aperiam corrupti blanditiis et voluptatem qui.', 5, '2018-09-23 22:56:29', '2018-09-23 22:56:29'),
(204, 35, 'Dr. Daphney Becker', 'Et reiciendis ut nostrum at. Quis voluptas aperiam voluptatem aut voluptas. Commodi maiores sunt fugiat rem atque delectus eos.', 2, '2018-09-23 22:56:30', '2018-09-23 22:56:30'),
(205, 1, 'Rubye Beier', 'Aliquid sapiente occaecati odit ut minus asperiores. At voluptatem ratione officiis. Et similique ullam minus reprehenderit. Nemo corrupti porro error quaerat impedit nesciunt. Eos assumenda non accusamus.', 4, '2018-09-23 22:56:30', '2018-09-23 22:56:30'),
(206, 32, 'Dr. Silas Lebsack', 'Harum quia iusto perferendis non laboriosam. Nam blanditiis dicta cumque ratione sint reprehenderit quia. Blanditiis officia non itaque nostrum. Reiciendis quas numquam dolores sit ex fugit saepe mollitia.', 0, '2018-09-23 22:56:30', '2018-09-23 22:56:30'),
(207, 18, 'Cora Boyle', 'Minus beatae qui ex rerum. Et similique dolorem earum quibusdam nesciunt. Accusantium alias dolorem similique possimus vero quo adipisci. Ut esse accusantium sit sint et.', 1, '2018-09-23 22:56:30', '2018-09-23 22:56:30');
INSERT INTO `reviews` (`id`, `product_id`, `customer`, `review`, `star`, `created_at`, `updated_at`) VALUES
(208, 18, 'Ms. Oceane Wolf DVM', 'Voluptatem animi rerum molestiae itaque quo ea repellendus. Quod voluptatibus omnis nobis sunt neque in. Maiores quisquam repudiandae veniam sit et excepturi nemo voluptatem. Facere excepturi expedita voluptas optio eligendi illo voluptas.', 2, '2018-09-23 22:56:30', '2018-09-23 22:56:30'),
(209, 46, 'Faustino O\'Connell V', 'Ea deleniti suscipit iusto odio eos nihil. Voluptatem vel rerum est et pariatur. Animi doloremque vitae recusandae accusamus. Rerum et velit iusto rerum.', 4, '2018-09-23 22:56:30', '2018-09-23 22:56:30'),
(210, 15, 'Joseph Bartoletti', 'Adipisci repellat doloribus facilis in dolorem. Eum atque amet consequatur odio iusto rerum. Qui ipsa voluptatem necessitatibus hic. Illum recusandae nisi harum sunt.', 5, '2018-09-23 22:56:30', '2018-09-23 22:56:30'),
(211, 20, 'Dr. Augustus Kreiger', 'Enim hic est at labore. Consequatur quod soluta illo molestiae. Excepturi ullam saepe dolorum fugiat totam dolorum ut. Recusandae occaecati ad qui est dolorum in enim.', 0, '2018-09-23 22:56:30', '2018-09-23 22:56:30'),
(212, 23, 'Abel Harvey', 'Temporibus rerum repellat saepe dolore. Aut dignissimos minima repellat et. Corporis vel doloribus nisi autem maiores. Doloribus tenetur quos et culpa quasi omnis labore eius.', 2, '2018-09-23 22:56:30', '2018-09-23 22:56:30'),
(213, 19, 'Prof. Gerhard Jacobi DDS', 'Molestiae fugit omnis asperiores eaque tempora. Quia nostrum vel temporibus labore dolores. Amet laborum laborum recusandae et. Enim omnis sequi dolorem dolor sed quam et.', 5, '2018-09-23 22:56:30', '2018-09-23 22:56:30'),
(214, 16, 'Dolly Quitzon', 'Eum similique magnam aut tempora expedita. Voluptatem similique dicta commodi ut velit sunt commodi blanditiis. Omnis consectetur voluptate et itaque.', 1, '2018-09-23 22:56:30', '2018-09-23 22:56:30'),
(215, 49, 'Halle Hackett', 'Voluptatem itaque minima autem provident dolor omnis. Molestiae dicta blanditiis ea error repudiandae iste blanditiis laboriosam. Libero at voluptatem distinctio quisquam maiores hic omnis et. Corrupti magni id vel quis dignissimos.', 1, '2018-09-23 22:56:30', '2018-09-23 22:56:30'),
(216, 33, 'Dr. Enos Nienow I', 'Aperiam earum est rerum exercitationem molestias quis. Non rem ea veritatis ullam fuga quos. Adipisci ea magnam temporibus consequuntur.', 3, '2018-09-23 22:56:30', '2018-09-23 22:56:30'),
(217, 18, 'Dr. Tatum Turner', 'Ea incidunt et recusandae qui autem qui voluptas. Velit est error maiores eius. Doloremque aliquam deserunt atque esse est.', 0, '2018-09-23 22:56:30', '2018-09-23 22:56:30'),
(218, 13, 'Jesus Veum', 'Quam eius deleniti eos. Doloribus quo facilis quis cupiditate accusamus repellendus. Consequatur vero quis sunt esse iste sunt vel. Vitae possimus qui voluptate soluta similique ipsum.', 5, '2018-09-23 22:56:31', '2018-09-23 22:56:31'),
(219, 41, 'Dr. Gideon Spencer Sr.', 'Qui est sequi itaque et dignissimos et voluptatem illum. Saepe exercitationem architecto enim voluptas tenetur corrupti qui. Sunt laudantium expedita quam quis. Et officiis voluptas dolor.', 5, '2018-09-23 22:56:31', '2018-09-23 22:56:31'),
(220, 12, 'Sincere Jacobs', 'Sit a corporis sunt. Minima et dicta omnis aliquid. Sunt illum error qui deserunt et.', 0, '2018-09-23 22:56:31', '2018-09-23 22:56:31'),
(221, 18, 'Faye Schneider', 'Esse praesentium aut quia occaecati quidem enim. Ex sint blanditiis adipisci qui veritatis ut. Voluptatem reprehenderit amet modi enim aspernatur commodi autem.', 0, '2018-09-23 22:56:31', '2018-09-23 22:56:31'),
(222, 9, 'Regan Fisher', 'In tempora fugiat praesentium et qui autem velit illum. Perspiciatis aliquam enim qui non maxime. Maxime totam eveniet odit ex nesciunt qui nulla nesciunt.', 5, '2018-09-23 22:56:31', '2018-09-23 22:56:31'),
(223, 34, 'Major Marvin', 'Aut enim sint est laborum ullam illo. Aut est provident temporibus doloribus perferendis mollitia. Illo voluptatem nemo unde incidunt. Ipsa eaque et ipsum mollitia quo vel.', 2, '2018-09-23 22:56:31', '2018-09-23 22:56:31'),
(224, 26, 'Gino Wiza', 'A reprehenderit laudantium aut voluptatem. Non est fugiat culpa unde repudiandae in ut labore. Perspiciatis beatae est beatae eum. Repellendus nobis nam magni a.', 3, '2018-09-23 22:56:31', '2018-09-23 22:56:31'),
(225, 29, 'Lina Kuhlman', 'Cumque quia perferendis voluptate dolor ab accusamus quos. Sunt omnis ut aut rerum qui a.', 4, '2018-09-23 22:56:31', '2018-09-23 22:56:31'),
(226, 19, 'Elena Kutch', 'Suscipit rerum cum illo omnis eum. Iure enim excepturi temporibus enim voluptatem quia. Recusandae blanditiis aut autem qui ex vero. Porro quaerat fugit et ipsa delectus. Animi modi adipisci quo qui dolores ratione beatae.', 1, '2018-09-23 22:56:31', '2018-09-23 22:56:31'),
(227, 39, 'Alisa Sanford DVM', 'Qui fugit ullam nam amet minima. Voluptas aut a eligendi necessitatibus. Itaque eveniet error iure enim eveniet cupiditate reiciendis.', 2, '2018-09-23 22:56:31', '2018-09-23 22:56:31'),
(228, 2, 'Dr. Stewart Shields Jr.', 'Alias officia qui inventore sed et dolores. Sit aperiam nam vel dolore rerum optio voluptatem. Itaque tenetur facere aut voluptatem impedit quis sapiente. At corporis sint est esse.', 3, '2018-09-23 22:56:31', '2018-09-23 22:56:31'),
(229, 26, 'Dr. Harmon Prohaska', 'Quod beatae qui culpa pariatur qui delectus. Rerum quasi dolore error. Aliquam non ut blanditiis esse dolor natus. Accusantium dolores ea consequatur fugit sequi. Ut cum ut ad eaque et nihil in et.', 4, '2018-09-23 22:56:31', '2018-09-23 22:56:31'),
(230, 18, 'Roselyn Kunze', 'Sunt cupiditate optio porro est consequatur rem. Repellendus necessitatibus quo ut reprehenderit molestiae fuga dolorum. Ratione illum cupiditate autem eveniet hic voluptatibus.', 4, '2018-09-23 22:56:32', '2018-09-23 22:56:32'),
(231, 18, 'Enrique Spinka', 'Hic voluptatem consequatur voluptate repudiandae nihil sit. A rerum impedit in voluptate iste. Optio vitae temporibus voluptatum ut et. Et fugit eos omnis minima sed. Nihil vero et ab fuga velit assumenda.', 3, '2018-09-23 22:56:32', '2018-09-23 22:56:32'),
(232, 29, 'Marcella Bednar', 'Vitae quibusdam maiores aut accusamus excepturi aliquam omnis est. Tempora saepe ipsa illum ratione et consequatur. Odit quidem magnam et dolores repellendus.', 1, '2018-09-23 22:56:32', '2018-09-23 22:56:32'),
(233, 41, 'Xavier Wiza', 'Et et ea laudantium incidunt est sed. Delectus hic quibusdam odit explicabo nemo suscipit esse facilis. Accusantium accusantium voluptatem quod laborum quas sunt molestiae. Repellat provident delectus sapiente vel eos vitae assumenda.', 5, '2018-09-23 22:56:32', '2018-09-23 22:56:32'),
(234, 15, 'Orlando Lesch', 'Aut earum ab nihil sapiente tempore. Eum sit architecto ea rerum veritatis nemo libero. Aut numquam ipsum itaque aut autem et. Quo sed ea laudantium illum. Debitis neque minima quisquam saepe ut sed.', 5, '2018-09-23 22:56:32', '2018-09-23 22:56:32'),
(235, 8, 'Marley Langworth Sr.', 'Ut blanditiis cupiditate qui omnis. Vel qui consequatur et rerum. Molestiae ipsam corrupti enim repudiandae consequatur amet expedita recusandae. Quasi eos quo modi quia illum perferendis voluptatem.', 5, '2018-09-23 22:56:32', '2018-09-23 22:56:32'),
(236, 47, 'Antone Stoltenberg', 'Modi beatae quia aut perferendis. Cumque tempore atque voluptatem quas quia. Iusto fuga quam quia cum laboriosam deserunt. Repellat nulla ut impedit in.', 0, '2018-09-23 22:56:32', '2018-09-23 22:56:32'),
(237, 8, 'Reinhold Ziemann', 'Necessitatibus est facilis tenetur. Laboriosam veniam reprehenderit explicabo vel ut cumque neque eaque.', 1, '2018-09-23 22:56:32', '2018-09-23 22:56:32'),
(238, 17, 'Lambert Walsh', 'Accusantium omnis rerum corporis veritatis eligendi maxime. Dolores dolorum quos aut et architecto dolores sunt iusto. Sed occaecati ut debitis voluptates excepturi a quia est. Necessitatibus molestiae ipsam officia incidunt ea quo.', 3, '2018-09-23 22:56:32', '2018-09-23 22:56:32'),
(239, 35, 'Randi Schamberger', 'Consequatur voluptatem non ut dicta cum minus fuga ex. Harum dolor qui labore voluptatem quasi id vero. Magni nemo quas sed et. Qui ut culpa officia ipsum voluptatem adipisci nobis.', 2, '2018-09-23 22:56:32', '2018-09-23 22:56:32'),
(240, 30, 'Lesly Watsica', 'Commodi maiores voluptas ut et accusamus dolor harum. Mollitia nihil necessitatibus quos est. Dolores nobis ipsam ut. Eum odio quae et optio ut. Asperiores et consequatur et sit.', 3, '2018-09-23 22:56:32', '2018-09-23 22:56:32'),
(241, 21, 'Brown Bergnaum', 'Rerum numquam fuga qui maiores autem adipisci totam non. Sint sed voluptas ipsa sed in.', 0, '2018-09-23 22:56:33', '2018-09-23 22:56:33'),
(242, 43, 'Omer Konopelski DDS', 'Eveniet voluptatem sit et et enim repudiandae. Animi dolorem suscipit fugiat harum. Hic facere dignissimos sint quas maxime est animi. Laudantium vero voluptatem eligendi vel.', 0, '2018-09-23 22:56:33', '2018-09-23 22:56:33'),
(243, 15, 'Antonietta Bode', 'Autem facere consequatur temporibus itaque sequi culpa. Nobis modi qui qui et. Assumenda est unde sunt sapiente. Nulla architecto ad qui quia aliquid dolor.', 4, '2018-09-23 22:56:33', '2018-09-23 22:56:33'),
(244, 38, 'Angelina Boehm', 'Sit at id dolores voluptas. Libero et et quis provident ea. Laudantium eligendi illo itaque neque.', 5, '2018-09-23 22:56:33', '2018-09-23 22:56:33'),
(245, 24, 'Arno Ortiz I', 'Quia voluptatem et reprehenderit. Dolor id omnis aspernatur. Accusantium eum exercitationem dicta maiores tenetur est voluptas.', 2, '2018-09-23 22:56:33', '2018-09-23 22:56:33'),
(246, 47, 'Prof. Aiyana Schiller', 'Architecto autem et optio aut molestiae. Repellat rerum voluptates ut velit.', 4, '2018-09-23 22:56:33', '2018-09-23 22:56:33'),
(247, 4, 'Geovanni Rath', 'Voluptatem pariatur nulla eum rerum nobis quibusdam tempore pariatur. Praesentium vel dolore officiis dolor necessitatibus. Quis eius nesciunt asperiores debitis. Reprehenderit et eligendi vel nostrum.', 2, '2018-09-23 22:56:33', '2018-09-23 22:56:33'),
(248, 33, 'Mekhi Rowe', 'Libero non voluptate consequatur quos. Voluptate dolor ut impedit voluptatem officiis voluptatem consequatur. Provident expedita eum ut nihil deleniti blanditiis.', 0, '2018-09-23 22:56:33', '2018-09-23 22:56:33'),
(249, 49, 'Trycia Towne', 'Repellendus maiores aliquam recusandae dolorem. Et vero dolores magnam rem aliquam nisi qui ad. Fuga quia architecto exercitationem et sequi est. Enim vitae reiciendis labore tempore dolores est.', 2, '2018-09-23 22:56:33', '2018-09-23 22:56:33'),
(250, 17, 'Camylle Murphy', 'Quos enim possimus tempore sequi. Sint autem est earum quia sequi magni. Asperiores distinctio consectetur voluptatem adipisci. Dolore ratione est repudiandae necessitatibus velit tempore. Expedita quis est ut soluta maiores.', 2, '2018-09-23 22:56:34', '2018-09-23 22:56:34'),
(251, 19, 'Prof. Austin Abernathy', 'Minima et deserunt nemo eum et. Occaecati accusantium inventore et id asperiores illo blanditiis tempora. Exercitationem sed molestiae numquam soluta consequatur saepe aliquam. At enim exercitationem suscipit velit qui quis.', 2, '2018-09-23 22:56:34', '2018-09-23 22:56:34'),
(252, 5, 'Raymundo Windler', 'Odio excepturi placeat eligendi reiciendis impedit. Dolore consequatur eaque explicabo qui voluptatibus. Autem vero est amet possimus. Vel optio veniam fuga est.', 1, '2018-09-23 22:56:34', '2018-09-23 22:56:34'),
(253, 48, 'Aurelie Wisoky', 'Sapiente pariatur nihil voluptates sint odit libero. Nostrum libero cum sit qui aut similique. Blanditiis illo ea architecto laboriosam adipisci. Eveniet perferendis dolor architecto laudantium voluptas.', 2, '2018-09-23 22:56:34', '2018-09-23 22:56:34'),
(254, 14, 'Chanelle Lindgren', 'Itaque nihil corporis praesentium eum quis nihil numquam qui. Eum impedit ut iste et. Non modi consectetur voluptates excepturi harum. Dignissimos et doloremque qui fugiat quo voluptas non quam.', 4, '2018-09-23 22:56:34', '2018-09-23 22:56:34'),
(255, 25, 'Lou Thiel', 'Dolor est maxime esse cupiditate ipsum. Eius deserunt eum omnis nulla nemo animi fugiat ipsum. Impedit aut iure sit fuga libero reprehenderit.', 1, '2018-09-23 22:56:34', '2018-09-23 22:56:34'),
(256, 25, 'Dr. Myrtie Cassin', 'Quos ut hic dolore nobis dolores eveniet alias. Nulla atque id voluptatem. Vel doloribus quo consequatur ipsum aspernatur porro dolorem ab.', 2, '2018-09-23 22:56:34', '2018-09-23 22:56:34'),
(257, 32, 'Maryam Kuhn', 'Dolorum harum beatae pariatur minus sunt. Quia eaque rerum aspernatur dolore. Id sed ut culpa doloribus voluptatem et placeat.', 1, '2018-09-23 22:56:34', '2018-09-23 22:56:34'),
(258, 29, 'Ms. Sydnee Bergnaum', 'Accusantium ea consequatur et est voluptas voluptatibus sed. Ad error molestiae adipisci cupiditate quasi dolorem. Aliquid sequi reprehenderit aspernatur sunt. Mollitia accusantium dignissimos expedita amet.', 3, '2018-09-23 22:56:34', '2018-09-23 22:56:34'),
(259, 2, 'Norbert Von', 'Alias voluptas eveniet voluptas sed libero cum distinctio. Nesciunt doloremque qui vel quia qui. Quo accusamus qui voluptatem neque incidunt. Consequatur optio ea et nihil explicabo sequi sequi.', 4, '2018-09-23 22:56:34', '2018-09-23 22:56:34'),
(260, 14, 'Jana Bernhard', 'Repudiandae minus voluptatibus earum dolor. Tenetur sit assumenda et dolorem eligendi. Qui magnam similique provident dolores voluptas.', 1, '2018-09-23 22:56:35', '2018-09-23 22:56:35'),
(261, 31, 'Ashley Jacobi', 'Accusantium debitis rem quod et eos ullam sequi dolor. Ea deleniti cupiditate iusto. Facere ipsam est necessitatibus aliquid. Magnam in incidunt sed placeat ut impedit. Voluptatem veritatis consequuntur placeat cumque.', 2, '2018-09-23 22:56:35', '2018-09-23 22:56:35'),
(262, 15, 'Mr. Roberto Stokes II', 'Ut quis dolore iusto sit dignissimos consequatur neque. Velit vero voluptas velit nihil reprehenderit officia. Suscipit quia nemo commodi quis veritatis. Aperiam quia facilis non ullam.', 2, '2018-09-23 22:56:35', '2018-09-23 22:56:35'),
(263, 3, 'Prof. Nellie Kling', 'Id voluptate veritatis et tempora aut. Quisquam temporibus tenetur voluptatem sed aliquam explicabo. Aut natus magni sunt nihil distinctio. Dolores autem quisquam fugiat totam incidunt quod mollitia.', 2, '2018-09-23 22:56:35', '2018-09-23 22:56:35'),
(264, 40, 'Erich Carroll DVM', 'Et eos soluta beatae sed eaque porro. Possimus culpa sunt qui. Omnis error ipsum eum tempore qui tenetur laudantium.', 3, '2018-09-23 22:56:35', '2018-09-23 22:56:35'),
(265, 49, 'Eliane Stracke Sr.', 'Aut cum sequi eum libero. In necessitatibus consequatur et dolorem dolor maiores dolorem voluptatem. Non nulla quis minus culpa quidem expedita. Consequatur porro alias voluptates exercitationem in adipisci veritatis.', 4, '2018-09-23 22:56:35', '2018-09-23 22:56:35'),
(266, 9, 'Lexus McCullough', 'Voluptas at corrupti sunt velit et. Id pariatur nihil voluptas quia. Facere doloremque fugiat sed tempora. Voluptatem reprehenderit et aut molestias et.', 1, '2018-09-23 22:56:36', '2018-09-23 22:56:36'),
(267, 8, 'Maximus McDermott', 'Autem aliquam et in quasi. Error vero cum cumque aut a cumque laboriosam at. Enim culpa dolorum nihil alias.', 0, '2018-09-23 22:56:36', '2018-09-23 22:56:36'),
(268, 2, 'Fredrick Bayer II', 'Exercitationem dignissimos voluptatem quo omnis neque dignissimos et. Aut sed dolorum dolorum cumque deserunt quod.', 0, '2018-09-23 22:56:36', '2018-09-23 22:56:36'),
(269, 22, 'Dr. Everette Herzog', 'Est eum quaerat vel voluptate vero. Est rerum sunt saepe quas aliquid saepe iste. Adipisci corporis enim saepe tempore sed dolor non.', 4, '2018-09-23 22:56:36', '2018-09-23 22:56:36'),
(270, 29, 'Dr. Evert Bartoletti III', 'Dolor minus voluptas illo aut quas. Ducimus consequatur voluptatum qui nihil ullam praesentium. Est occaecati doloremque asperiores pariatur quisquam distinctio minima.', 1, '2018-09-23 22:56:36', '2018-09-23 22:56:36'),
(271, 50, 'Gerda Smitham', 'Exercitationem dolor sit ipsa iusto voluptas. Et cum tempora numquam error. Itaque esse consequatur pariatur recusandae suscipit est. Placeat est porro occaecati et repellendus.', 5, '2018-09-23 22:56:36', '2018-09-23 22:56:36'),
(272, 2, 'Dr. Alysson Hackett Sr.', 'Reiciendis quis at ad in. Debitis est recusandae sed delectus voluptatem qui. Modi quo voluptas consequatur neque. At labore autem recusandae facere.', 1, '2018-09-23 22:56:36', '2018-09-23 22:56:36'),
(273, 38, 'Jacey Morissette', 'Tempora libero tenetur aut ut dolorum et libero. Quo provident id magnam et. Officiis ut deserunt quis unde possimus.', 2, '2018-09-23 22:56:37', '2018-09-23 22:56:37'),
(274, 40, 'Leif Thiel IV', 'Minus qui qui voluptatem et voluptas. Consequatur qui ex corrupti ea quo voluptatibus voluptas. Aut libero voluptatibus voluptas eos repudiandae et minima.', 3, '2018-09-23 22:56:37', '2018-09-23 22:56:37'),
(275, 36, 'Matteo Lueilwitz', 'Placeat sapiente molestiae amet nesciunt iste sed. At quidem voluptas magnam accusamus beatae fugiat reprehenderit. Asperiores dolorem quaerat et maiores.', 1, '2018-09-23 22:56:37', '2018-09-23 22:56:37'),
(276, 24, 'Adam Homenick', 'Et alias et enim odit quo modi qui. Id aut eos quod facere molestiae sed ea. Consequatur facere perspiciatis sunt et debitis doloremque voluptatem quasi. Quia non illo ut aut.', 5, '2018-09-23 22:56:37', '2018-09-23 22:56:37'),
(277, 4, 'Dr. Quinten Morissette', 'Minus fuga laudantium tempora consequatur qui dolores dolores est. Magnam facilis exercitationem voluptas aliquam corporis et quibusdam qui. Doloribus maxime blanditiis cum blanditiis non eius.', 1, '2018-09-23 22:56:37', '2018-09-23 22:56:37'),
(278, 23, 'Delphine Greenfelder', 'Illum repudiandae eum nihil inventore omnis nobis repudiandae. Sint explicabo quo ab ullam voluptatem est. Occaecati qui voluptates voluptas. Sunt dicta quibusdam dolores similique.', 2, '2018-09-23 22:56:37', '2018-09-23 22:56:37'),
(279, 41, 'Mr. Jacey Dickens', 'Id quas quo sapiente quis. Dolor doloribus perferendis expedita quod aliquam ipsa non dolorem. Consequatur aut sed et beatae omnis. Distinctio eligendi natus nihil autem ipsum dicta.', 3, '2018-09-23 22:56:37', '2018-09-23 22:56:37'),
(280, 5, 'Theron Bosco', 'Voluptate totam unde eius sequi. Aut totam consequatur inventore. Occaecati aut sed illo aliquam soluta. Consequatur dolores nihil voluptas minima sunt voluptatem consequatur et.', 3, '2018-09-23 22:56:38', '2018-09-23 22:56:38'),
(281, 1, 'Greyson Ward', 'Et ut neque quae sit est sunt et expedita. Cum voluptas quia non officiis commodi illo et. Ipsam explicabo aut iure.', 4, '2018-09-23 22:56:38', '2018-09-23 22:56:38'),
(282, 3, 'Coty Rempel', 'Nihil dolorem odio illo reiciendis illum quam. Amet vitae magni molestias autem veritatis incidunt aperiam rerum. Qui blanditiis officiis aut velit omnis quos et consequatur. Recusandae voluptatem at quo eius quis alias.', 2, '2018-09-23 22:56:38', '2018-09-23 22:56:38'),
(283, 37, 'Matt Mann II', 'Atque ut dolorem magni et. Autem libero voluptas accusamus minus ut consequatur. Perferendis enim quibusdam quas esse repellat. Pariatur consequuntur dicta quisquam cupiditate dolorem minima neque.', 2, '2018-09-23 22:56:38', '2018-09-23 22:56:38'),
(284, 48, 'Mr. Terence Langosh DDS', 'Voluptas deserunt deleniti qui quam reiciendis. Cupiditate incidunt voluptate at asperiores aspernatur voluptatem nostrum. Tempore ut et quisquam pariatur tempora maxime officia. Qui rerum excepturi minima dolores perspiciatis dignissimos veniam praesentium.', 0, '2018-09-23 22:56:38', '2018-09-23 22:56:38'),
(285, 20, 'Shawna Ferry', 'Et corporis in quis deserunt doloremque reprehenderit. Quia ut repudiandae est nostrum. Odit earum iure facere delectus fugiat voluptas earum. Eius ut dolor odit suscipit esse doloribus.', 1, '2018-09-23 22:56:38', '2018-09-23 22:56:38'),
(286, 34, 'Kelley Conroy', 'Ut occaecati tempore fugit aspernatur tenetur. Possimus veniam quae velit et consectetur quos. Tempora est odit voluptatem qui velit quos facere.', 1, '2018-09-23 22:56:38', '2018-09-23 22:56:38'),
(287, 50, 'Elda Klein', 'Et hic voluptas est neque maiores. Vel dolor tenetur voluptatem. Nobis nam cumque doloremque. Qui eos accusamus quod animi eaque ex blanditiis.', 5, '2018-09-23 22:56:39', '2018-09-23 22:56:39'),
(288, 4, 'Miss Kelsie Schulist', 'Molestiae animi molestiae eos ut. At animi at rerum dolorum est quo perspiciatis. Ex dolorem voluptatum quidem sit. Qui optio eum et modi est sed porro accusantium.', 3, '2018-09-23 22:56:39', '2018-09-23 22:56:39'),
(289, 21, 'Dr. Marilou Farrell III', 'Minus debitis magni eum odio et perferendis iure. Est et eum expedita vel. Ullam nesciunt non non voluptas illum natus voluptatum. Sit eos libero harum nulla illo.', 4, '2018-09-23 22:56:39', '2018-09-23 22:56:39'),
(290, 12, 'Leif Zulauf', 'Necessitatibus molestias aliquid aut aut quia ullam dignissimos. Quod voluptas quas cum qui cumque ipsum ex. Rerum minima earum vitae inventore in ad veritatis.', 2, '2018-09-23 22:56:39', '2018-09-23 22:56:39'),
(291, 3, 'Lucie Weissnat', 'In perspiciatis labore cum harum necessitatibus amet laborum. Facere rerum animi repellat vel doloribus odio. Sed et sed assumenda.', 4, '2018-09-23 22:56:39', '2018-09-23 22:56:39'),
(292, 42, 'Dallas Olson I', 'Ullam omnis quidem sapiente voluptate. Qui saepe esse dolor ut neque illum. Consequuntur et et alias quia voluptatem. Repellendus odio facere unde vero animi neque est.', 2, '2018-09-23 22:56:39', '2018-09-23 22:56:39'),
(293, 42, 'Frieda Rempel', 'Autem iusto non laudantium sapiente enim. Sint maxime est necessitatibus explicabo. Et excepturi dolor expedita illum rerum dolores sint.', 2, '2018-09-23 22:56:39', '2018-09-23 22:56:39'),
(294, 11, 'Miss Sophie Bernier', 'Eius et quidem dicta enim. Labore enim sed qui quia. Nesciunt fugit nam perferendis est corrupti excepturi. Reprehenderit rerum ex rem quia.', 2, '2018-09-23 22:56:39', '2018-09-23 22:56:39'),
(295, 37, 'Prof. Colten Brekke', 'Veritatis harum dolorem ea corrupti qui. Non repellendus vero eos vel quos. Mollitia temporibus necessitatibus quia deleniti nisi eaque et voluptatem.', 5, '2018-09-23 22:56:39', '2018-09-23 22:56:39'),
(296, 13, 'Clyde Friesen', 'Omnis labore praesentium qui. Id rerum animi nobis iure. Autem quis accusantium nobis quo est blanditiis quidem sed.', 5, '2018-09-23 22:56:39', '2018-09-23 22:56:39'),
(297, 18, 'Aurore Walsh', 'Sint vitae consequatur in fuga. Dolorum perspiciatis est voluptas eveniet voluptas. Et odio repudiandae totam mollitia quos earum facilis odit. Sint porro esse suscipit in qui doloremque natus. Vel quis debitis omnis assumenda eos illum quia.', 3, '2018-09-23 22:56:39', '2018-09-23 22:56:39'),
(298, 17, 'Dr. Kenyatta Carroll DVM', 'Aut veniam aut ab necessitatibus. Harum qui et dolores explicabo rerum laborum. Sed neque consequatur et ratione magni distinctio velit ex. Natus est repudiandae ipsum numquam odit magni.', 3, '2018-09-23 22:56:40', '2018-09-23 22:56:40'),
(299, 43, 'Tristin Kunze V', 'Maxime excepturi nihil voluptas magni sunt doloribus. Totam est fugit sed aut illo. Dolorem id nihil qui repellendus natus. Natus quaerat aut numquam rerum.', 3, '2018-09-23 22:56:40', '2018-09-23 22:56:40'),
(300, 36, 'Marisol Turner', 'Quis vel ex consectetur repudiandae fuga eos. Nemo earum non doloribus harum veniam. Voluptatibus eligendi excepturi est consectetur repellendus. Optio vero quas voluptatem.', 0, '2018-09-23 22:56:40', '2018-09-23 22:56:40');

-- --------------------------------------------------------

--
-- Table structure for table `users`
--

CREATE TABLE `users` (
  `id` int(10) UNSIGNED NOT NULL,
  `name` varchar(255) NOT NULL,
  `email` varchar(250) NOT NULL,
  `password` varchar(255) NOT NULL,
  `remember_token` varchar(100) DEFAULT NULL,
  `created_at` timestamp NULL DEFAULT NULL,
  `updated_at` timestamp NULL DEFAULT NULL
) ENGINE=InnoDB DEFAULT CHARSET=utf8;

--
-- Indexes for dumped tables
--

--
-- Indexes for table `migrations`
--
ALTER TABLE `migrations`
  ADD PRIMARY KEY (`id`);

--
-- Indexes for table `password_resets`
--
ALTER TABLE `password_resets`
  ADD KEY `password_resets_email_index` (`email`);

--
-- Indexes for table `products`
--
ALTER TABLE `products`
  ADD PRIMARY KEY (`id`);

--
-- Indexes for table `reviews`
--
ALTER TABLE `reviews`
  ADD PRIMARY KEY (`id`),
  ADD KEY `reviews_product_id_index` (`product_id`);

--
-- Indexes for table `users`
--
ALTER TABLE `users`
  ADD PRIMARY KEY (`id`),
  ADD UNIQUE KEY `users_email_unique` (`email`);

--
-- AUTO_INCREMENT for dumped tables
--

--
-- AUTO_INCREMENT for table `migrations`
--
ALTER TABLE `migrations`
  MODIFY `id` int(10) UNSIGNED NOT NULL AUTO_INCREMENT, AUTO_INCREMENT=13;

--
-- AUTO_INCREMENT for table `products`
--
ALTER TABLE `products`
  MODIFY `id` int(10) UNSIGNED NOT NULL AUTO_INCREMENT, AUTO_INCREMENT=51;

--
-- AUTO_INCREMENT for table `reviews`
--
ALTER TABLE `reviews`
  MODIFY `id` int(10) UNSIGNED NOT NULL AUTO_INCREMENT, AUTO_INCREMENT=301;

--
-- AUTO_INCREMENT for table `users`
--
ALTER TABLE `users`
  MODIFY `id` int(10) UNSIGNED NOT NULL AUTO_INCREMENT;

--
-- Constraints for dumped tables
--

--
-- Constraints for table `reviews`
--
ALTER TABLE `reviews`
  ADD CONSTRAINT `reviews_product_id_foreign` FOREIGN KEY (`product_id`) REFERENCES `products` (`id`) ON DELETE CASCADE;
COMMIT;

/*!40101 SET CHARACTER_SET_CLIENT=@OLD_CHARACTER_SET_CLIENT */;
/*!40101 SET CHARACTER_SET_RESULTS=@OLD_CHARACTER_SET_RESULTS */;
/*!40101 SET COLLATION_CONNECTION=@OLD_COLLATION_CONNECTION */;
